subgroup_id,timestamp,line_id,machine_id,product_id,shift,sample_number,ctq_dimension_mm,lsl_mm,usl_mm
SG-MC-01-2024010100,2024-01-01 00:00:00,LINE-A,MC-01,PRD-A,A,1,24.953042927203512,24.85,25.15
SG-MC-01-2024010100,2024-01-01 00:00:00,LINE-A,MC-01,PRD-A,A,2,24.95805049227899,24.85,25.15
SG-MC-01-2024010100,2024-01-01 00:00:00,LINE-A,MC-01,PRD-A,A,3,25.024791717681186,24.85,25.15
SG-MC-01-2024010100,2024-01-01 00:00:00,LINE-A,MC-01,PRD-A,A,4,24.98667304159195,24.85,25.15
SG-MC-01-2024010100,2024-01-01 00:00:00,LINE-A,MC-01,PRD-A,A,5,24.95551730742008,24.85,25.15
SG-MC-01-2024010108,2024-01-01 08:00:00,LINE-A,MC-01,PRD-A,B,1,25.014447015644638,24.85,25.15
SG-MC-01-2024010108,2024-01-01 08:00:00,LINE-A,MC-01,PRD-A,B,2,24.976378694692762,24.85,25.15
SG-MC-01-2024010108,2024-01-01 08:00:00,LINE-A,MC-01,PRD-A,B,3,24.986762944728557,24.85,25.15
SG-MC-01-2024010108,2024-01-01 08:00:00,LINE-A,MC-01,PRD-A,B,4,24.9599789254446,24.85,25.15
SG-MC-01-2024010108,2024-01-01 08:00:00,LINE-A,MC-01,PRD-A,B,5,24.9791160609744,24.85,25.15
SG-MC-01-2024010116,2024-01-01 16:00:00,LINE-A,MC-01,PRD-A,C,1,24.957480254774758,24.85,25.15
SG-MC-01-2024010116,2024-01-01 16:00:00,LINE-A,MC-01,PRD-A,C,2,24.968260328773425,24.85,25.15
SG-MC-01-2024010116,2024-01-01 16:00:00,LINE-A,MC-01,PRD-A,C,3,24.983958190826268,24.85,25.15
SG-MC-01-2024010116,2024-01-01 16:00:00,LINE-A,MC-01,PRD-A,C,4,25.02693039891582,24.85,25.15
SG-MC-01-2024010116,2024-01-01 16:00:00,LINE-A,MC-01,PRD-A,C,5,24.974850621917117,24.85,25.15
SG-MC-01-2024010200,2024-01-02 00:00:00,LINE-A,MC-01,PRD-A,A,1,24.98610527471316,24.85,25.15
SG-MC-01-2024010200,2024-01-02 00:00:00,LINE-A,MC-01,PRD-A,A,2,24.98646910099963,24.85,25.15
SG-MC-01-2024010200,2024-01-02 00:00:00,LINE-A,MC-01,PRD-A,A,3,24.988778452705144,24.85,25.15
SG-MC-01-2024010200,2024-01-02 00:00:00,LINE-A,MC-01,PRD-A,A,4,24.946110858669655,24.85,25.15
SG-MC-01-2024010200,2024-01-02 00:00:00,LINE-A,MC-01,PRD-A,A,5,24.98351590615848,24.85,25.15
SG-MC-01-2024010208,2024-01-02 08:00:00,LINE-A,MC-01,PRD-A,B,1,24.923800546386925,24.85,25.15
SG-MC-01-2024010208,2024-01-02 08:00:00,LINE-A,MC-01,PRD-A,B,2,24.994511116668775,24.85,25.15
SG-MC-01-2024010208,2024-01-02 08:00:00,LINE-A,MC-01,PRD-A,B,3,24.95658365326663,24.85,25.15
SG-MC-01-2024010208,2024-01-02 08:00:00,LINE-A,MC-01,PRD-A,B,4,25.029267346519998,24.85,25.15
SG-MC-01-2024010208,2024-01-02 08:00:00,LINE-A,MC-01,PRD-A,B,5,24.9376722374297,24.85,25.15
SG-MC-01-2024010216,2024-01-02 16:00:00,LINE-A,MC-01,PRD-A,C,1,25.021592709117403,24.85,25.15
SG-MC-01-2024010216,2024-01-02 16:00:00,LINE-A,MC-01,PRD-A,C,2,25.03250128101181,24.85,25.15
SG-MC-01-2024010216,2024-01-02 16:00:00,LINE-A,MC-01,PRD-A,C,3,25.00129507607106,24.85,25.15
SG-MC-01-2024010216,2024-01-02 16:00:00,LINE-A,MC-01,PRD-A,C,4,25.013273265720674,24.85,25.15
SG-MC-01-2024010216,2024-01-02 16:00:00,LINE-A,MC-01,PRD-A,C,5,25.01211642946739,24.85,25.15
SG-MC-01-2024010300,2024-01-03 00:00:00,LINE-A,MC-01,PRD-B,A,1,79.99580310387798,79.72,80.28
SG-MC-01-2024010300,2024-01-03 00:00:00,LINE-A,MC-01,PRD-B,A,2,79.9403382833383,79.72,80.28
SG-MC-01-2024010300,2024-01-03 00:00:00,LINE-A,MC-01,PRD-B,A,3,79.99479164937375,79.72,80.28
SG-MC-01-2024010300,2024-01-03 00:00:00,LINE-A,MC-01,PRD-B,A,4,80.01625556856322,79.72,80.28
SG-MC-01-2024010300,2024-01-03 00:00:00,LINE-A,MC-01,PRD-B,A,5,80.00134676777692,79.72,80.28
SG-MC-01-2024010308,2024-01-03 08:00:00,LINE-A,MC-01,PRD-B,B,1,79.96172207263486,79.72,80.28
SG-MC-01-2024010308,2024-01-03 08:00:00,LINE-A,MC-01,PRD-B,B,2,79.99406024645222,79.72,80.28
SG-MC-01-2024010308,2024-01-03 08:00:00,LINE-A,MC-01,PRD-B,B,3,80.01113412430188,79.72,80.28
SG-MC-01-2024010308,2024-01-03 08:00:00,LINE-A,MC-01,PRD-B,B,4,79.95759962702726,79.72,80.28
SG-MC-01-2024010308,2024-01-03 08:00:00,LINE-A,MC-01,PRD-B,B,5,80.01474173109179,79.72,80.28
SG-MC-01-2024010316,2024-01-03 16:00:00,LINE-A,MC-01,PRD-B,C,1,79.98402556853749,79.72,80.28
SG-MC-01-2024010316,2024-01-03 16:00:00,LINE-A,MC-01,PRD-B,C,2,79.96942545664598,79.72,80.28
SG-MC-01-2024010316,2024-01-03 16:00:00,LINE-A,MC-01,PRD-B,C,3,80.01887175131819,79.72,80.28
SG-MC-01-2024010316,2024-01-03 16:00:00,LINE-A,MC-01,PRD-B,C,4,80.01774536609038,79.72,80.28
SG-MC-01-2024010316,2024-01-03 16:00:00,LINE-A,MC-01,PRD-B,C,5,80.00470376380619,79.72,80.28
SG-MC-01-2024010400,2024-01-04 00:00:00,LINE-A,MC-01,PRD-B,A,1,80.00439292491338,79.72,80.28
SG-MC-01-2024010400,2024-01-04 00:00:00,LINE-A,MC-01,PRD-B,A,2,79.99418017622685,79.72,80.28
SG-MC-01-2024010400,2024-01-04 00:00:00,LINE-A,MC-01,PRD-B,A,3,79.98694533346978,79.72,80.28
SG-MC-01-2024010400,2024-01-04 00:00:00,LINE-A,MC-01,PRD-B,A,4,80.02669974470462,79.72,80.28
SG-MC-01-2024010400,2024-01-04 00:00:00,LINE-A,MC-01,PRD-B,A,5,79.9867987662973,79.72,80.28
SG-MC-01-2024010408,2024-01-04 08:00:00,LINE-A,MC-01,PRD-B,B,1,80.04726367968202,79.72,80.28
SG-MC-01-2024010408,2024-01-04 08:00:00,LINE-A,MC-01,PRD-B,B,2,80.01577095088064,79.72,80.28
SG-MC-01-2024010408,2024-01-04 08:00:00,LINE-A,MC-01,PRD-B,B,3,79.94331419922354,79.72,80.28
SG-MC-01-2024010408,2024-01-04 08:00:00,LINE-A,MC-01,PRD-B,B,4,80.02648094707843,79.72,80.28
SG-MC-01-2024010408,2024-01-04 08:00:00,LINE-A,MC-01,PRD-B,B,5,80.04854633783665,79.72,80.28
SG-MC-01-2024010416,2024-01-04 16:00:00,LINE-A,MC-01,PRD-B,C,1,79.97380588372047,79.72,80.28
SG-MC-01-2024010416,2024-01-04 16:00:00,LINE-A,MC-01,PRD-B,C,2,80.01008708015213,79.72,80.28
SG-MC-01-2024010416,2024-01-04 16:00:00,LINE-A,MC-01,PRD-B,C,3,79.95143801573484,79.72,80.28
SG-MC-01-2024010416,2024-01-04 16:00:00,LINE-A,MC-01,PRD-B,C,4,80.02819576660961,79.72,80.28
SG-MC-01-2024010416,2024-01-04 16:00:00,LINE-A,MC-01,PRD-B,C,5,80.01112173887827,79.72,80.28
SG-MC-01-2024010500,2024-01-05 00:00:00,LINE-A,MC-01,PRD-C,A,1,41.99207583323883,41.8,42.2
SG-MC-01-2024010500,2024-01-05 00:00:00,LINE-A,MC-01,PRD-C,A,2,41.99725071959746,41.8,42.2
SG-MC-01-2024010500,2024-01-05 00:00:00,LINE-A,MC-01,PRD-C,A,3,41.97419510612564,41.8,42.2
SG-MC-01-2024010500,2024-01-05 00:00:00,LINE-A,MC-01,PRD-C,A,4,42.03641458750084,41.8,42.2
SG-MC-01-2024010500,2024-01-05 00:00:00,LINE-A,MC-01,PRD-C,A,5,41.96135191244206,41.8,42.2
SG-MC-01-2024010508,2024-01-05 08:00:00,LINE-A,MC-01,PRD-C,B,1,41.99156783167806,41.8,42.2
SG-MC-01-2024010508,2024-01-05 08:00:00,LINE-A,MC-01,PRD-C,B,2,41.951134837770056,41.8,42.2
SG-MC-01-2024010508,2024-01-05 08:00:00,LINE-A,MC-01,PRD-C,B,3,41.961296914743386,41.8,42.2
SG-MC-01-2024010508,2024-01-05 08:00:00,LINE-A,MC-01,PRD-C,B,4,41.989414717916524,41.8,42.2
SG-MC-01-2024010508,2024-01-05 08:00:00,LINE-A,MC-01,PRD-C,B,5,41.96379370799791,41.8,42.2
SG-MC-01-2024010516,2024-01-05 16:00:00,LINE-A,MC-01,PRD-C,C,1,41.97449548307259,41.8,42.2
SG-MC-01-2024010516,2024-01-05 16:00:00,LINE-A,MC-01,PRD-C,C,2,41.93516610404336,41.8,42.2
SG-MC-01-2024010516,2024-01-05 16:00:00,LINE-A,MC-01,PRD-C,C,3,41.99903901230611,41.8,42.2
SG-MC-01-2024010516,2024-01-05 16:00:00,LINE-A,MC-01,PRD-C,C,4,42.02302245222218,41.8,42.2
SG-MC-01-2024010516,2024-01-05 16:00:00,LINE-A,MC-01,PRD-C,C,5,42.016870236371155,41.8,42.2
SG-MC-01-2024010600,2024-01-06 00:00:00,LINE-A,MC-01,PRD-C,A,1,41.98244413140521,41.8,42.2
SG-MC-01-2024010600,2024-01-06 00:00:00,LINE-A,MC-01,PRD-C,A,2,42.056921035759224,41.8,42.2
SG-MC-01-2024010600,2024-01-06 00:00:00,LINE-A,MC-01,PRD-C,A,3,42.008832933856056,41.8,42.2
SG-MC-01-2024010600,2024-01-06 00:00:00,LINE-A,MC-01,PRD-C,A,4,41.930122704328866,41.8,42.2
SG-MC-01-2024010600,2024-01-06 00:00:00,LINE-A,MC-01,PRD-C,A,5,42.02922601361036,41.8,42.2
SG-MC-01-2024010608,2024-01-06 08:00:00,LINE-A,MC-01,PRD-C,B,1,42.024494186994346,41.8,42.2
SG-MC-01-2024010608,2024-01-06 08:00:00,LINE-A,MC-01,PRD-C,B,2,42.010890843526944,41.8,42.2
SG-MC-01-2024010608,2024-01-06 08:00:00,LINE-A,MC-01,PRD-C,B,3,42.02625479635192,41.8,42.2
SG-MC-01-2024010608,2024-01-06 08:00:00,LINE-A,MC-01,PRD-C,B,4,41.994912128058026,41.8,42.2
SG-MC-01-2024010608,2024-01-06 08:00:00,LINE-A,MC-01,PRD-C,B,5,42.024568813145976,41.8,42.2
SG-MC-01-2024010616,2024-01-06 16:00:00,LINE-A,MC-01,PRD-C,C,1,41.98096529117702,41.8,42.2
SG-MC-01-2024010616,2024-01-06 16:00:00,LINE-A,MC-01,PRD-C,C,2,41.95870796518948,41.8,42.2
SG-MC-01-2024010616,2024-01-06 16:00:00,LINE-A,MC-01,PRD-C,C,3,42.036352298534716,41.8,42.2
SG-MC-01-2024010616,2024-01-06 16:00:00,LINE-A,MC-01,PRD-C,C,4,42.03110671591931,41.8,42.2
SG-MC-01-2024010616,2024-01-06 16:00:00,LINE-A,MC-01,PRD-C,C,5,42.027327253035736,41.8,42.2
SG-MC-01-2024010700,2024-01-07 00:00:00,LINE-A,MC-01,PRD-D,A,1,59.99534113097013,59.78,60.22
SG-MC-01-2024010700,2024-01-07 00:00:00,LINE-A,MC-01,PRD-D,A,2,60.046133068118245,59.78,60.22
SG-MC-01-2024010700,2024-01-07 00:00:00,LINE-A,MC-01,PRD-D,A,3,60.03718259926042,59.78,60.22
SG-MC-01-2024010700,2024-01-07 00:00:00,LINE-A,MC-01,PRD-D,A,4,60.10904399544488,59.78,60.22
SG-MC-01-2024010700,2024-01-07 00:00:00,LINE-A,MC-01,PRD-D,A,5,60.03752556588059,59.78,60.22
SG-MC-01-2024010708,2024-01-07 08:00:00,LINE-A,MC-01,PRD-D,B,1,60.001913954108396,59.78,60.22
SG-MC-01-2024010708,2024-01-07 08:00:00,LINE-A,MC-01,PRD-D,B,2,60.033378367119056,59.78,60.22
SG-MC-01-2024010708,2024-01-07 08:00:00,LINE-A,MC-01,PRD-D,B,3,59.94332910209384,59.78,60.22
SG-MC-01-2024010708,2024-01-07 08:00:00,LINE-A,MC-01,PRD-D,B,4,60.01255438289683,59.78,60.22
SG-MC-01-2024010708,2024-01-07 08:00:00,LINE-A,MC-01,PRD-D,B,5,59.968655078142326,59.78,60.22
SG-MC-01-2024010716,2024-01-07 16:00:00,LINE-A,MC-01,PRD-D,C,1,60.08091456205999,59.78,60.22
SG-MC-01-2024010716,2024-01-07 16:00:00,LINE-A,MC-01,PRD-D,C,2,60.00023588016384,59.78,60.22
SG-MC-01-2024010716,2024-01-07 16:00:00,LINE-A,MC-01,PRD-D,C,3,59.97897784852703,59.78,60.22
SG-MC-01-2024010716,2024-01-07 16:00:00,LINE-A,MC-01,PRD-D,C,4,60.00087552272196,59.78,60.22
SG-MC-01-2024010716,2024-01-07 16:00:00,LINE-A,MC-01,PRD-D,C,5,60.019101131391714,59.78,60.22
SG-MC-01-2024010800,2024-01-08 00:00:00,LINE-A,MC-01,PRD-D,A,1,60.016765133235474,59.78,60.22
SG-MC-01-2024010800,2024-01-08 00:00:00,LINE-A,MC-01,PRD-D,A,2,59.935143329101905,59.78,60.22
SG-MC-01-2024010800,2024-01-08 00:00:00,LINE-A,MC-01,PRD-D,A,3,60.0515065524257,59.78,60.22
SG-MC-01-2024010800,2024-01-08 00:00:00,LINE-A,MC-01,PRD-D,A,4,60.05262714812806,59.78,60.22
SG-MC-01-2024010800,2024-01-08 00:00:00,LINE-A,MC-01,PRD-D,A,5,60.016950316883815,59.78,60.22
SG-MC-01-2024010808,2024-01-08 08:00:00,LINE-A,MC-01,PRD-D,B,1,60.07001889407564,59.78,60.22
SG-MC-01-2024010808,2024-01-08 08:00:00,LINE-A,MC-01,PRD-D,B,2,60.036632623248664,59.78,60.22
SG-MC-01-2024010808,2024-01-08 08:00:00,LINE-A,MC-01,PRD-D,B,3,60.0758672040132,59.78,60.22
SG-MC-01-2024010808,2024-01-08 08:00:00,LINE-A,MC-01,PRD-D,B,4,59.971710552445806,59.78,60.22
SG-MC-01-2024010808,2024-01-08 08:00:00,LINE-A,MC-01,PRD-D,B,5,60.05046954924195,59.78,60.22
SG-MC-01-2024010816,2024-01-08 16:00:00,LINE-A,MC-01,PRD-D,C,1,60.07781734359872,59.78,60.22
SG-MC-01-2024010816,2024-01-08 16:00:00,LINE-A,MC-01,PRD-D,C,2,60.02453384789641,59.78,60.22
SG-MC-01-2024010816,2024-01-08 16:00:00,LINE-A,MC-01,PRD-D,C,3,60.03280408271794,59.78,60.22
SG-MC-01-2024010816,2024-01-08 16:00:00,LINE-A,MC-01,PRD-D,C,4,60.06139101971835,59.78,60.22
SG-MC-01-2024010816,2024-01-08 16:00:00,LINE-A,MC-01,PRD-D,C,5,60.07280966429608,59.78,60.22
SG-MC-01-2024010900,2024-01-09 00:00:00,LINE-A,MC-01,PRD-A,A,1,25.02691076527844,24.85,25.15
SG-MC-01-2024010900,2024-01-09 00:00:00,LINE-A,MC-01,PRD-A,A,2,24.987014493326242,24.85,25.15
SG-MC-01-2024010900,2024-01-09 00:00:00,LINE-A,MC-01,PRD-A,A,3,25.068184038005455,24.85,25.15
SG-MC-01-2024010900,2024-01-09 00:00:00,LINE-A,MC-01,PRD-A,A,4,25.006166704778522,24.85,25.15
SG-MC-01-2024010900,2024-01-09 00:00:00,LINE-A,MC-01,PRD-A,A,5,24.986278835861366,24.85,25.15
SG-MC-01-2024010908,2024-01-09 08:00:00,LINE-A,MC-01,PRD-A,B,1,25.00865822224279,24.85,25.15
SG-MC-01-2024010908,2024-01-09 08:00:00,LINE-A,MC-01,PRD-A,B,2,25.030587164952397,24.85,25.15
SG-MC-01-2024010908,2024-01-09 08:00:00,LINE-A,MC-01,PRD-A,B,3,24.978632824975982,24.85,25.15
SG-MC-01-2024010908,2024-01-09 08:00:00,LINE-A,MC-01,PRD-A,B,4,25.00061897271117,24.85,25.15
SG-MC-01-2024010908,2024-01-09 08:00:00,LINE-A,MC-01,PRD-A,B,5,25.065692982798474,24.85,25.15
SG-MC-01-2024010916,2024-01-09 16:00:00,LINE-A,MC-01,PRD-A,C,1,24.951312166520992,24.85,25.15
SG-MC-01-2024010916,2024-01-09 16:00:00,LINE-A,MC-01,PRD-A,C,2,25.01234337806985,24.85,25.15
SG-MC-01-2024010916,2024-01-09 16:00:00,LINE-A,MC-01,PRD-A,C,3,25.018058882719817,24.85,25.15
SG-MC-01-2024010916,2024-01-09 16:00:00,LINE-A,MC-01,PRD-A,C,4,25.039164754306924,24.85,25.15
SG-MC-01-2024010916,2024-01-09 16:00:00,LINE-A,MC-01,PRD-A,C,5,25.060757227555303,24.85,25.15
SG-MC-01-2024011000,2024-01-10 00:00:00,LINE-A,MC-01,PRD-A,A,1,25.012359766405485,24.85,25.15
SG-MC-01-2024011000,2024-01-10 00:00:00,LINE-A,MC-01,PRD-A,A,2,25.026688118349114,24.85,25.15
SG-MC-01-2024011000,2024-01-10 00:00:00,LINE-A,MC-01,PRD-A,A,3,24.96199406210863,24.85,25.15
SG-MC-01-2024011000,2024-01-10 00:00:00,LINE-A,MC-01,PRD-A,A,4,25.011731343878186,24.85,25.15
SG-MC-01-2024011000,2024-01-10 00:00:00,LINE-A,MC-01,PRD-A,A,5,25.092139652920707,24.85,25.15
SG-MC-01-2024011008,2024-01-10 08:00:00,LINE-A,MC-01,PRD-A,B,1,25.01305646722804,24.85,25.15
SG-MC-01-2024011008,2024-01-10 08:00:00,LINE-A,MC-01,PRD-A,B,2,25.01161343879653,24.85,25.15
SG-MC-01-2024011008,2024-01-10 08:00:00,LINE-A,MC-01,PRD-A,B,3,24.955243925144394,24.85,25.15
SG-MC-01-2024011008,2024-01-10 08:00:00,LINE-A,MC-01,PRD-A,B,4,24.995200933024528,24.85,25.15
SG-MC-01-2024011008,2024-01-10 08:00:00,LINE-A,MC-01,PRD-A,B,5,25.047802660555117,24.85,25.15
SG-MC-01-2024011016,2024-01-10 16:00:00,LINE-A,MC-01,PRD-A,C,1,24.965524226756294,24.85,25.15
SG-MC-01-2024011016,2024-01-10 16:00:00,LINE-A,MC-01,PRD-A,C,2,25.046302537722596,24.85,25.15
SG-MC-01-2024011016,2024-01-10 16:00:00,LINE-A,MC-01,PRD-A,C,3,24.984613818480533,24.85,25.15
SG-MC-01-2024011016,2024-01-10 16:00:00,LINE-A,MC-01,PRD-A,C,4,24.992479889808543,24.85,25.15
SG-MC-01-2024011016,2024-01-10 16:00:00,LINE-A,MC-01,PRD-A,C,5,24.988110795437123,24.85,25.15
SG-MC-01-2024011100,2024-01-11 00:00:00,LINE-A,MC-01,PRD-B,A,1,79.99297406532921,79.72,80.28
SG-MC-01-2024011100,2024-01-11 00:00:00,LINE-A,MC-01,PRD-B,A,2,79.94967298398225,79.72,80.28
SG-MC-01-2024011100,2024-01-11 00:00:00,LINE-A,MC-01,PRD-B,A,3,79.96470510222255,79.72,80.28
SG-MC-01-2024011100,2024-01-11 00:00:00,LINE-A,MC-01,PRD-B,A,4,79.96443944016146,79.72,80.28
SG-MC-01-2024011100,2024-01-11 00:00:00,LINE-A,MC-01,PRD-B,A,5,79.9508058817617,79.72,80.28
SG-MC-01-2024011108,2024-01-11 08:00:00,LINE-A,MC-01,PRD-B,B,1,80.0066829579187,79.72,80.28
SG-MC-01-2024011108,2024-01-11 08:00:00,LINE-A,MC-01,PRD-B,B,2,79.97720886271065,79.72,80.28
SG-MC-01-2024011108,2024-01-11 08:00:00,LINE-A,MC-01,PRD-B,B,3,79.98105451335623,79.72,80.28
SG-MC-01-2024011108,2024-01-11 08:00:00,LINE-A,MC-01,PRD-B,B,4,79.99134664798461,79.72,80.28
SG-MC-01-2024011108,2024-01-11 08:00:00,LINE-A,MC-01,PRD-B,B,5,79.98514812409785,79.72,80.28
SG-MC-01-2024011116,2024-01-11 16:00:00,LINE-A,MC-01,PRD-B,C,1,80.02678832604164,79.72,80.28
SG-MC-01-2024011116,2024-01-11 16:00:00,LINE-A,MC-01,PRD-B,C,2,79.98024310114248,79.72,80.28
SG-MC-01-2024011116,2024-01-11 16:00:00,LINE-A,MC-01,PRD-B,C,3,79.96051540098962,79.72,80.28
SG-MC-01-2024011116,2024-01-11 16:00:00,LINE-A,MC-01,PRD-B,C,4,80.01205779678568,79.72,80.28
SG-MC-01-2024011116,2024-01-11 16:00:00,LINE-A,MC-01,PRD-B,C,5,80.01126882231443,79.72,80.28
SG-MC-01-2024011200,2024-01-12 00:00:00,LINE-A,MC-01,PRD-B,A,1,80.01380794438973,79.72,80.28
SG-MC-01-2024011200,2024-01-12 00:00:00,LINE-A,MC-01,PRD-B,A,2,80.00146085854873,79.72,80.28
SG-MC-01-2024011200,2024-01-12 00:00:00,LINE-A,MC-01,PRD-B,A,3,79.9610804908978,79.72,80.28
SG-MC-01-2024011200,2024-01-12 00:00:00,LINE-A,MC-01,PRD-B,A,4,79.94723132939114,79.72,80.28
SG-MC-01-2024011200,2024-01-12 00:00:00,LINE-A,MC-01,PRD-B,A,5,80.00437555713621,79.72,80.28
SG-MC-01-2024011208,2024-01-12 08:00:00,LINE-A,MC-01,PRD-B,B,1,79.99759797618488,79.72,80.28
SG-MC-01-2024011208,2024-01-12 08:00:00,LINE-A,MC-01,PRD-B,B,2,80.01992843864821,79.72,80.28
SG-MC-01-2024011208,2024-01-12 08:00:00,LINE-A,MC-01,PRD-B,B,3,79.98516694575719,79.72,80.28
SG-MC-01-2024011208,2024-01-12 08:00:00,LINE-A,MC-01,PRD-B,B,4,80.03868263186638,79.72,80.28
SG-MC-01-2024011208,2024-01-12 08:00:00,LINE-A,MC-01,PRD-B,B,5,79.95739089207113,79.72,80.28
SG-MC-01-2024011216,2024-01-12 16:00:00,LINE-A,MC-01,PRD-B,C,1,79.99685901258071,79.72,80.28
SG-MC-01-2024011216,2024-01-12 16:00:00,LINE-A,MC-01,PRD-B,C,2,79.98316268082918,79.72,80.28
SG-MC-01-2024011216,2024-01-12 16:00:00,LINE-A,MC-01,PRD-B,C,3,79.9768173989989,79.72,80.28
SG-MC-01-2024011216,2024-01-12 16:00:00,LINE-A,MC-01,PRD-B,C,4,80.0319629453185,79.72,80.28
SG-MC-01-2024011216,2024-01-12 16:00:00,LINE-A,MC-01,PRD-B,C,5,80.03029545148156,79.72,80.28
SG-MC-01-2024011300,2024-01-13 00:00:00,LINE-A,MC-01,PRD-C,A,1,41.98566845547215,41.8,42.2
SG-MC-01-2024011300,2024-01-13 00:00:00,LINE-A,MC-01,PRD-C,A,2,41.99511965758425,41.8,42.2
SG-MC-01-2024011300,2024-01-13 00:00:00,LINE-A,MC-01,PRD-C,A,3,42.01169352558463,41.8,42.2
SG-MC-01-2024011300,2024-01-13 00:00:00,LINE-A,MC-01,PRD-C,A,4,42.04529919828719,41.8,42.2
SG-MC-01-2024011300,2024-01-13 00:00:00,LINE-A,MC-01,PRD-C,A,5,42.041690437606675,41.8,42.2
SG-MC-01-2024011308,2024-01-13 08:00:00,LINE-A,MC-01,PRD-C,B,1,42.02838699592088,41.8,42.2
SG-MC-01-2024011308,2024-01-13 08:00:00,LINE-A,MC-01,PRD-C,B,2,41.95539032230433,41.8,42.2
SG-MC-01-2024011308,2024-01-13 08:00:00,LINE-A,MC-01,PRD-C,B,3,42.01747281451826,41.8,42.2
SG-MC-01-2024011308,2024-01-13 08:00:00,LINE-A,MC-01,PRD-C,B,4,42.02772318336427,41.8,42.2
SG-MC-01-2024011308,2024-01-13 08:00:00,LINE-A,MC-01,PRD-C,B,5,41.976344531275764,41.8,42.2
SG-MC-01-2024011316,2024-01-13 16:00:00,LINE-A,MC-01,PRD-C,C,1,41.987374029552726,41.8,42.2
SG-MC-01-2024011316,2024-01-13 16:00:00,LINE-A,MC-01,PRD-C,C,2,42.009525674681754,41.8,42.2
SG-MC-01-2024011316,2024-01-13 16:00:00,LINE-A,MC-01,PRD-C,C,3,42.04430309114178,41.8,42.2
SG-MC-01-2024011316,2024-01-13 16:00:00,LINE-A,MC-01,PRD-C,C,4,42.07004146094282,41.8,42.2
SG-MC-01-2024011316,2024-01-13 16:00:00,LINE-A,MC-01,PRD-C,C,5,42.03532906127273,41.8,42.2
SG-MC-01-2024011400,2024-01-14 00:00:00,LINE-A,MC-01,PRD-C,A,1,41.99655909692902,41.8,42.2
SG-MC-01-2024011400,2024-01-14 00:00:00,LINE-A,MC-01,PRD-C,A,2,41.96073894024438,41.8,42.2
SG-MC-01-2024011400,2024-01-14 00:00:00,LINE-A,MC-01,PRD-C,A,3,41.987659593029974,41.8,42.2
SG-MC-01-2024011400,2024-01-14 00:00:00,LINE-A,MC-01,PRD-C,A,4,41.94175660984423,41.8,42.2
SG-MC-01-2024011400,2024-01-14 00:00:00,LINE-A,MC-01,PRD-C,A,5,41.99798681377117,41.8,42.2
SG-MC-01-2024011408,2024-01-14 08:00:00,LINE-A,MC-01,PRD-C,B,1,41.99581771283918,41.8,42.2
SG-MC-01-2024011408,2024-01-14 08:00:00,LINE-A,MC-01,PRD-C,B,2,41.99881535292765,41.8,42.2
SG-MC-01-2024011408,2024-01-14 08:00:00,LINE-A,MC-01,PRD-C,B,3,42.00710358076284,41.8,42.2
SG-MC-01-2024011408,2024-01-14 08:00:00,LINE-A,MC-01,PRD-C,B,4,41.94782084548873,41.8,42.2
SG-MC-01-2024011408,2024-01-14 08:00:00,LINE-A,MC-01,PRD-C,B,5,41.96840152167464,41.8,42.2
SG-MC-01-2024011416,2024-01-14 16:00:00,LINE-A,MC-01,PRD-C,C,1,41.965152997858254,41.8,42.2
SG-MC-01-2024011416,2024-01-14 16:00:00,LINE-A,MC-01,PRD-C,C,2,41.967618384943854,41.8,42.2
SG-MC-01-2024011416,2024-01-14 16:00:00,LINE-A,MC-01,PRD-C,C,3,42.00665586494673,41.8,42.2
SG-MC-01-2024011416,2024-01-14 16:00:00,LINE-A,MC-01,PRD-C,C,4,41.96424296026845,41.8,42.2
SG-MC-01-2024011416,2024-01-14 16:00:00,LINE-A,MC-01,PRD-C,C,5,41.98231950586874,41.8,42.2
SG-MC-01-2024011500,2024-01-15 00:00:00,LINE-A,MC-01,PRD-D,A,1,60.06087912010479,59.78,60.22
SG-MC-01-2024011500,2024-01-15 00:00:00,LINE-A,MC-01,PRD-D,A,2,60.05901348427563,59.78,60.22
SG-MC-01-2024011500,2024-01-15 00:00:00,LINE-A,MC-01,PRD-D,A,3,59.948474898001244,59.78,60.22
SG-MC-01-2024011500,2024-01-15 00:00:00,LINE-A,MC-01,PRD-D,A,4,60.04484499430084,59.78,60.22
SG-MC-01-2024011500,2024-01-15 00:00:00,LINE-A,MC-01,PRD-D,A,5,59.985133191951384,59.78,60.22
SG-MC-01-2024011508,2024-01-15 08:00:00,LINE-A,MC-01,PRD-D,B,1,60.03407707477193,59.78,60.22
SG-MC-01-2024011508,2024-01-15 08:00:00,LINE-A,MC-01,PRD-D,B,2,60.06481200098517,59.78,60.22
SG-MC-01-2024011508,2024-01-15 08:00:00,LINE-A,MC-01,PRD-D,B,3,59.991144157293505,59.78,60.22
SG-MC-01-2024011508,2024-01-15 08:00:00,LINE-A,MC-01,PRD-D,B,4,59.977160318207524,59.78,60.22
SG-MC-01-2024011508,2024-01-15 08:00:00,LINE-A,MC-01,PRD-D,B,5,59.97644030100322,59.78,60.22
SG-MC-01-2024011516,2024-01-15 16:00:00,LINE-A,MC-01,PRD-D,C,1,59.95971362174633,59.78,60.22
SG-MC-01-2024011516,2024-01-15 16:00:00,LINE-A,MC-01,PRD-D,C,2,59.96863198000753,59.78,60.22
SG-MC-01-2024011516,2024-01-15 16:00:00,LINE-A,MC-01,PRD-D,C,3,59.99465324208817,59.78,60.22
SG-MC-01-2024011516,2024-01-15 16:00:00,LINE-A,MC-01,PRD-D,C,4,60.03535119265342,59.78,60.22
SG-MC-01-2024011516,2024-01-15 16:00:00,LINE-A,MC-01,PRD-D,C,5,59.988317251766205,59.78,60.22
SG-MC-01-2024011600,2024-01-16 00:00:00,LINE-A,MC-01,PRD-D,A,1,59.99920807573103,59.78,60.22
SG-MC-01-2024011600,2024-01-16 00:00:00,LINE-A,MC-01,PRD-D,A,2,59.974460095903,59.78,60.22
SG-MC-01-2024011600,2024-01-16 00:00:00,LINE-A,MC-01,PRD-D,A,3,59.98367589948952,59.78,60.22
SG-MC-01-2024011600,2024-01-16 00:00:00,LINE-A,MC-01,PRD-D,A,4,60.00266474513971,59.78,60.22
SG-MC-01-2024011600,2024-01-16 00:00:00,LINE-A,MC-01,PRD-D,A,5,59.97123135186337,59.78,60.22
SG-MC-01-2024011608,2024-01-16 08:00:00,LINE-A,MC-01,PRD-D,B,1,59.9581391592093,59.78,60.22
SG-MC-01-2024011608,2024-01-16 08:00:00,LINE-A,MC-01,PRD-D,B,2,59.99675579706059,59.78,60.22
SG-MC-01-2024011608,2024-01-16 08:00:00,LINE-A,MC-01,PRD-D,B,3,59.94400574388757,59.78,60.22
SG-MC-01-2024011608,2024-01-16 08:00:00,LINE-A,MC-01,PRD-D,B,4,60.01358607273608,59.78,60.22
SG-MC-01-2024011608,2024-01-16 08:00:00,LINE-A,MC-01,PRD-D,B,5,59.99610973660067,59.78,60.22
SG-MC-01-2024011616,2024-01-16 16:00:00,LINE-A,MC-01,PRD-D,C,1,59.95806745153242,59.78,60.22
SG-MC-01-2024011616,2024-01-16 16:00:00,LINE-A,MC-01,PRD-D,C,2,59.94962267482108,59.78,60.22
SG-MC-01-2024011616,2024-01-16 16:00:00,LINE-A,MC-01,PRD-D,C,3,59.99508555050903,59.78,60.22
SG-MC-01-2024011616,2024-01-16 16:00:00,LINE-A,MC-01,PRD-D,C,4,59.94451991419295,59.78,60.22
SG-MC-01-2024011616,2024-01-16 16:00:00,LINE-A,MC-01,PRD-D,C,5,59.99641414638878,59.78,60.22
SG-MC-01-2024011700,2024-01-17 00:00:00,LINE-A,MC-01,PRD-A,A,1,24.96819133746324,24.85,25.15
SG-MC-01-2024011700,2024-01-17 00:00:00,LINE-A,MC-01,PRD-A,A,2,25.052485932205435,24.85,25.15
SG-MC-01-2024011700,2024-01-17 00:00:00,LINE-A,MC-01,PRD-A,A,3,25.005873412223007,24.85,25.15
SG-MC-01-2024011700,2024-01-17 00:00:00,LINE-A,MC-01,PRD-A,A,4,24.95302626924529,24.85,25.15
SG-MC-01-2024011700,2024-01-17 00:00:00,LINE-A,MC-01,PRD-A,A,5,24.977729620435923,24.85,25.15
SG-MC-01-2024011708,2024-01-17 08:00:00,LINE-A,MC-01,PRD-A,B,1,24.944069321964868,24.85,25.15
SG-MC-01-2024011708,2024-01-17 08:00:00,LINE-A,MC-01,PRD-A,B,2,25.005968249996318,24.85,25.15
SG-MC-01-2024011708,2024-01-17 08:00:00,LINE-A,MC-01,PRD-A,B,3,25.049697427605423,24.85,25.15
SG-MC-01-2024011708,2024-01-17 08:00:00,LINE-A,MC-01,PRD-A,B,4,25.02184048187003,24.85,25.15
SG-MC-01-2024011708,2024-01-17 08:00:00,LINE-A,MC-01,PRD-A,B,5,25.013859305386067,24.85,25.15
SG-MC-01-2024011716,2024-01-17 16:00:00,LINE-A,MC-01,PRD-A,C,1,25.026208029778882,24.85,25.15
SG-MC-01-2024011716,2024-01-17 16:00:00,LINE-A,MC-01,PRD-A,C,2,24.996872911172183,24.85,25.15
SG-MC-01-2024011716,2024-01-17 16:00:00,LINE-A,MC-01,PRD-A,C,3,25.038169794799977,24.85,25.15
SG-MC-01-2024011716,2024-01-17 16:00:00,LINE-A,MC-01,PRD-A,C,4,25.02373520571607,24.85,25.15
SG-MC-01-2024011716,2024-01-17 16:00:00,LINE-A,MC-01,PRD-A,C,5,25.051787819511578,24.85,25.15
SG-MC-01-2024011800,2024-01-18 00:00:00,LINE-A,MC-01,PRD-A,A,1,25.009286917895224,24.85,25.15
SG-MC-01-2024011800,2024-01-18 00:00:00,LINE-A,MC-01,PRD-A,A,2,25.006709392469407,24.85,25.15
SG-MC-01-2024011800,2024-01-18 00:00:00,LINE-A,MC-01,PRD-A,A,3,24.96608694442292,24.85,25.15
SG-MC-01-2024011800,2024-01-18 00:00:00,LINE-A,MC-01,PRD-A,A,4,25.05215935389395,24.85,25.15
SG-MC-01-2024011800,2024-01-18 00:00:00,LINE-A,MC-01,PRD-A,A,5,25.056901226804396,24.85,25.15
SG-MC-01-2024011808,2024-01-18 08:00:00,LINE-A,MC-01,PRD-A,B,1,24.993529453196636,24.85,25.15
SG-MC-01-2024011808,2024-01-18 08:00:00,LINE-A,MC-01,PRD-A,B,2,24.989165186236253,24.85,25.15
SG-MC-01-2024011808,2024-01-18 08:00:00,LINE-A,MC-01,PRD-A,B,3,25.014626750178937,24.85,25.15
SG-MC-01-2024011808,2024-01-18 08:00:00,LINE-A,MC-01,PRD-A,B,4,25.03162603682296,24.85,25.15
SG-MC-01-2024011808,2024-01-18 08:00:00,LINE-A,MC-01,PRD-A,B,5,25.040462973726928,24.85,25.15
SG-MC-01-2024011816,2024-01-18 16:00:00,LINE-A,MC-01,PRD-A,C,1,24.969635893456598,24.85,25.15
SG-MC-01-2024011816,2024-01-18 16:00:00,LINE-A,MC-01,PRD-A,C,2,25.038396341958286,24.85,25.15
SG-MC-01-2024011816,2024-01-18 16:00:00,LINE-A,MC-01,PRD-A,C,3,25.080336097981142,24.85,25.15
SG-MC-01-2024011816,2024-01-18 16:00:00,LINE-A,MC-01,PRD-A,C,4,25.026952326465718,24.85,25.15
SG-MC-01-2024011816,2024-01-18 16:00:00,LINE-A,MC-01,PRD-A,C,5,25.034341437409118,24.85,25.15
SG-MC-01-2024011900,2024-01-19 00:00:00,LINE-A,MC-01,PRD-B,A,1,80.07975530113443,79.72,80.28
SG-MC-01-2024011900,2024-01-19 00:00:00,LINE-A,MC-01,PRD-B,A,2,79.97474317606111,79.72,80.28
SG-MC-01-2024011900,2024-01-19 00:00:00,LINE-A,MC-01,PRD-B,A,3,80.01305588560771,79.72,80.28
SG-MC-01-2024011900,2024-01-19 00:00:00,LINE-A,MC-01,PRD-B,A,4,79.99749840673819,79.72,80.28
SG-MC-01-2024011900,2024-01-19 00:00:00,LINE-A,MC-01,PRD-B,A,5,79.98439347155949,79.72,80.28
SG-MC-01-2024011908,2024-01-19 08:00:00,LINE-A,MC-01,PRD-B,B,1,79.97735351378833,79.72,80.28
SG-MC-01-2024011908,2024-01-19 08:00:00,LINE-A,MC-01,PRD-B,B,2,80.05564847627014,79.72,80.28
SG-MC-01-2024011908,2024-01-19 08:00:00,LINE-A,MC-01,PRD-B,B,3,79.97646049496056,79.72,80.28
SG-MC-01-2024011908,2024-01-19 08:00:00,LINE-A,MC-01,PRD-B,B,4,79.97200832045883,79.72,80.28
SG-MC-01-2024011908,2024-01-19 08:00:00,LINE-A,MC-01,PRD-B,B,5,80.02638070471895,79.72,80.28
SG-MC-01-2024011916,2024-01-19 16:00:00,LINE-A,MC-01,PRD-B,C,1,79.95853386969095,79.72,80.28
SG-MC-01-2024011916,2024-01-19 16:00:00,LINE-A,MC-01,PRD-B,C,2,80.06917774470823,79.72,80.28
SG-MC-01-2024011916,2024-01-19 16:00:00,LINE-A,MC-01,PRD-B,C,3,79.95936127230034,79.72,80.28
SG-MC-01-2024011916,2024-01-19 16:00:00,LINE-A,MC-01,PRD-B,C,4,80.01304998515336,79.72,80.28
SG-MC-01-2024011916,2024-01-19 16:00:00,LINE-A,MC-01,PRD-B,C,5,80.00862662159685,79.72,80.28
SG-MC-01-2024012000,2024-01-20 00:00:00,LINE-A,MC-01,PRD-B,A,1,79.95863102958373,79.72,80.28
SG-MC-01-2024012000,2024-01-20 00:00:00,LINE-A,MC-01,PRD-B,A,2,80.05624506985623,79.72,80.28
SG-MC-01-2024012000,2024-01-20 00:00:00,LINE-A,MC-01,PRD-B,A,3,80.05446733328753,79.72,80.28
SG-MC-01-2024012000,2024-01-20 00:00:00,LINE-A,MC-01,PRD-B,A,4,80.03091876439434,79.72,80.28
SG-MC-01-2024012000,2024-01-20 00:00:00,LINE-A,MC-01,PRD-B,A,5,80.01752525177092,79.72,80.28
SG-MC-01-2024012008,2024-01-20 08:00:00,LINE-A,MC-01,PRD-B,B,1,79.99693158672561,79.72,80.28
SG-MC-01-2024012008,2024-01-20 08:00:00,LINE-A,MC-01,PRD-B,B,2,80.0229637858161,79.72,80.28
SG-MC-01-2024012008,2024-01-20 08:00:00,LINE-A,MC-01,PRD-B,B,3,80.06326838185315,79.72,80.28
SG-MC-01-2024012008,2024-01-20 08:00:00,LINE-A,MC-01,PRD-B,B,4,80.03924876131737,79.72,80.28
SG-MC-01-2024012008,2024-01-20 08:00:00,LINE-A,MC-01,PRD-B,B,5,80.07339403992904,79.72,80.28
SG-MC-01-2024012016,2024-01-20 16:00:00,LINE-A,MC-01,PRD-B,C,1,79.98328978282491,79.72,80.28
SG-MC-01-2024012016,2024-01-20 16:00:00,LINE-A,MC-01,PRD-B,C,2,80.04611999112086,79.72,80.28
SG-MC-01-2024012016,2024-01-20 16:00:00,LINE-A,MC-01,PRD-B,C,3,79.9984221363394,79.72,80.28
SG-MC-01-2024012016,2024-01-20 16:00:00,LINE-A,MC-01,PRD-B,C,4,79.99038695211432,79.72,80.28
SG-MC-01-2024012016,2024-01-20 16:00:00,LINE-A,MC-01,PRD-B,C,5,80.03880243417785,79.72,80.28
SG-MC-01-2024012100,2024-01-21 00:00:00,LINE-A,MC-01,PRD-C,A,1,42.03265180177294,41.8,42.2
SG-MC-01-2024012100,2024-01-21 00:00:00,LINE-A,MC-01,PRD-C,A,2,42.072754036193544,41.8,42.2
SG-MC-01-2024012100,2024-01-21 00:00:00,LINE-A,MC-01,PRD-C,A,3,41.99769342153921,41.8,42.2
SG-MC-01-2024012100,2024-01-21 00:00:00,LINE-A,MC-01,PRD-C,A,4,41.99707185844909,41.8,42.2
SG-MC-01-2024012100,2024-01-21 00:00:00,LINE-A,MC-01,PRD-C,A,5,42.001846396505236,41.8,42.2
SG-MC-01-2024012108,2024-01-21 08:00:00,LINE-A,MC-01,PRD-C,B,1,41.98646380271257,41.8,42.2
SG-MC-01-2024012108,2024-01-21 08:00:00,LINE-A,MC-01,PRD-C,B,2,42.00246473696693,41.8,42.2
SG-MC-01-2024012108,2024-01-21 08:00:00,LINE-A,MC-01,PRD-C,B,3,41.992505894739985,41.8,42.2
SG-MC-01-2024012108,2024-01-21 08:00:00,LINE-A,MC-01,PRD-C,B,4,42.086759387612695,41.8,42.2
SG-MC-01-2024012108,2024-01-21 08:00:00,LINE-A,MC-01,PRD-C,B,5,42.10722611410337,41.8,42.2
SG-MC-01-2024012116,2024-01-21 16:00:00,LINE-A,MC-01,PRD-C,C,1,42.046185947625766,41.8,42.2
SG-MC-01-2024012116,2024-01-21 16:00:00,LINE-A,MC-01,PRD-C,C,2,42.003726078736044,41.8,42.2
SG-MC-01-2024012116,2024-01-21 16:00:00,LINE-A,MC-01,PRD-C,C,3,42.0411611658125,41.8,42.2
SG-MC-01-2024012116,2024-01-21 16:00:00,LINE-A,MC-01,PRD-C,C,4,41.98881923449009,41.8,42.2
SG-MC-01-2024012116,2024-01-21 16:00:00,LINE-A,MC-01,PRD-C,C,5,42.05339548843356,41.8,42.2
SG-MC-01-2024012200,2024-01-22 00:00:00,LINE-A,MC-01,PRD-C,A,1,42.029589040938085,41.8,42.2
SG-MC-01-2024012200,2024-01-22 00:00:00,LINE-A,MC-01,PRD-C,A,2,41.99932885358632,41.8,42.2
SG-MC-01-2024012200,2024-01-22 00:00:00,LINE-A,MC-01,PRD-C,A,3,42.023588135832654,41.8,42.2
SG-MC-01-2024012200,2024-01-22 00:00:00,LINE-A,MC-01,PRD-C,A,4,41.97310428991923,41.8,42.2
SG-MC-01-2024012200,2024-01-22 00:00:00,LINE-A,MC-01,PRD-C,A,5,41.988174634748034,41.8,42.2
SG-MC-01-2024012208,2024-01-22 08:00:00,LINE-A,MC-01,PRD-C,B,1,41.96618893372314,41.8,42.2
SG-MC-01-2024012208,2024-01-22 08:00:00,LINE-A,MC-01,PRD-C,B,2,41.97682217548751,41.8,42.2
SG-MC-01-2024012208,2024-01-22 08:00:00,LINE-A,MC-01,PRD-C,B,3,42.04832119850394,41.8,42.2
SG-MC-01-2024012208,2024-01-22 08:00:00,LINE-A,MC-01,PRD-C,B,4,42.03294425175644,41.8,42.2
SG-MC-01-2024012208,2024-01-22 08:00:00,LINE-A,MC-01,PRD-C,B,5,41.97644744244271,41.8,42.2
SG-MC-01-2024012216,2024-01-22 16:00:00,LINE-A,MC-01,PRD-C,C,1,42.03856940580248,41.8,42.2
SG-MC-01-2024012216,2024-01-22 16:00:00,LINE-A,MC-01,PRD-C,C,2,41.996711304075355,41.8,42.2
SG-MC-01-2024012216,2024-01-22 16:00:00,LINE-A,MC-01,PRD-C,C,3,41.932141202981725,41.8,42.2
SG-MC-01-2024012216,2024-01-22 16:00:00,LINE-A,MC-01,PRD-C,C,4,41.95492075949758,41.8,42.2
SG-MC-01-2024012216,2024-01-22 16:00:00,LINE-A,MC-01,PRD-C,C,5,41.9669726269724,41.8,42.2
SG-MC-01-2024012300,2024-01-23 00:00:00,LINE-A,MC-01,PRD-D,A,1,59.93695419490723,59.78,60.22
SG-MC-01-2024012300,2024-01-23 00:00:00,LINE-A,MC-01,PRD-D,A,2,59.99945239827284,59.78,60.22
SG-MC-01-2024012300,2024-01-23 00:00:00,LINE-A,MC-01,PRD-D,A,3,60.05985351536477,59.78,60.22
SG-MC-01-2024012300,2024-01-23 00:00:00,LINE-A,MC-01,PRD-D,A,4,60.027302767656295,59.78,60.22
SG-MC-01-2024012300,2024-01-23 00:00:00,LINE-A,MC-01,PRD-D,A,5,59.97867231542182,59.78,60.22
SG-MC-01-2024012308,2024-01-23 08:00:00,LINE-A,MC-01,PRD-D,B,1,59.978308518058384,59.78,60.22
SG-MC-01-2024012308,2024-01-23 08:00:00,LINE-A,MC-01,PRD-D,B,2,60.01263464015943,59.78,60.22
SG-MC-01-2024012308,2024-01-23 08:00:00,LINE-A,MC-01,PRD-D,B,3,59.97232863796333,59.78,60.22
SG-MC-01-2024012308,2024-01-23 08:00:00,LINE-A,MC-01,PRD-D,B,4,60.049554836598844,59.78,60.22
SG-MC-01-2024012308,2024-01-23 08:00:00,LINE-A,MC-01,PRD-D,B,5,60.02431693903947,59.78,60.22
SG-MC-01-2024012316,2024-01-23 16:00:00,LINE-A,MC-01,PRD-D,C,1,59.99782685713173,59.78,60.22
SG-MC-01-2024012316,2024-01-23 16:00:00,LINE-A,MC-01,PRD-D,C,2,60.00860024877032,59.78,60.22
SG-MC-01-2024012316,2024-01-23 16:00:00,LINE-A,MC-01,PRD-D,C,3,59.956477524530364,59.78,60.22
SG-MC-01-2024012316,2024-01-23 16:00:00,LINE-A,MC-01,PRD-D,C,4,60.001473065751846,59.78,60.22
SG-MC-01-2024012316,2024-01-23 16:00:00,LINE-A,MC-01,PRD-D,C,5,60.01085136029716,59.78,60.22
SG-MC-01-2024012400,2024-01-24 00:00:00,LINE-A,MC-01,PRD-D,A,1,59.98648776348286,59.78,60.22
SG-MC-01-2024012400,2024-01-24 00:00:00,LINE-A,MC-01,PRD-D,A,2,60.0056054149278,59.78,60.22
SG-MC-01-2024012400,2024-01-24 00:00:00,LINE-A,MC-01,PRD-D,A,3,59.97106716886159,59.78,60.22
SG-MC-01-2024012400,2024-01-24 00:00:00,LINE-A,MC-01,PRD-D,A,4,60.01056154953332,59.78,60.22
SG-MC-01-2024012400,2024-01-24 00:00:00,LINE-A,MC-01,PRD-D,A,5,59.96883204844622,59.78,60.22
SG-MC-01-2024012408,2024-01-24 08:00:00,LINE-A,MC-01,PRD-D,B,1,59.98491536102883,59.78,60.22
SG-MC-01-2024012408,2024-01-24 08:00:00,LINE-A,MC-01,PRD-D,B,2,60.011608381285654,59.78,60.22
SG-MC-01-2024012408,2024-01-24 08:00:00,LINE-A,MC-01,PRD-D,B,3,60.00763063499691,59.78,60.22
SG-MC-01-2024012408,2024-01-24 08:00:00,LINE-A,MC-01,PRD-D,B,4,59.968877849753895,59.78,60.22
SG-MC-01-2024012408,2024-01-24 08:00:00,LINE-A,MC-01,PRD-D,B,5,59.89475266503783,59.78,60.22
SG-MC-01-2024012416,2024-01-24 16:00:00,LINE-A,MC-01,PRD-D,C,1,59.940685397327215,59.78,60.22
SG-MC-01-2024012416,2024-01-24 16:00:00,LINE-A,MC-01,PRD-D,C,2,59.987711102042496,59.78,60.22
SG-MC-01-2024012416,2024-01-24 16:00:00,LINE-A,MC-01,PRD-D,C,3,59.98078528792159,59.78,60.22
SG-MC-01-2024012416,2024-01-24 16:00:00,LINE-A,MC-01,PRD-D,C,4,60.02173038812563,59.78,60.22
SG-MC-01-2024012416,2024-01-24 16:00:00,LINE-A,MC-01,PRD-D,C,5,59.99823731017305,59.78,60.22
SG-MC-01-2024012500,2024-01-25 00:00:00,LINE-A,MC-01,PRD-A,A,1,25.045977037159656,24.85,25.15
SG-MC-01-2024012500,2024-01-25 00:00:00,LINE-A,MC-01,PRD-A,A,2,25.00881514428311,24.85,25.15
SG-MC-01-2024012500,2024-01-25 00:00:00,LINE-A,MC-01,PRD-A,A,3,24.99474974612847,24.85,25.15
SG-MC-01-2024012500,2024-01-25 00:00:00,LINE-A,MC-01,PRD-A,A,4,24.95274600277522,24.85,25.15
SG-MC-01-2024012500,2024-01-25 00:00:00,LINE-A,MC-01,PRD-A,A,5,25.03364162195553,24.85,25.15
SG-MC-01-2024012508,2024-01-25 08:00:00,LINE-A,MC-01,PRD-A,B,1,25.005432655316394,24.85,25.15
SG-MC-01-2024012508,2024-01-25 08:00:00,LINE-A,MC-01,PRD-A,B,2,25.025576086281344,24.85,25.15
SG-MC-01-2024012508,2024-01-25 08:00:00,LINE-A,MC-01,PRD-A,B,3,25.035148520604828,24.85,25.15
SG-MC-01-2024012508,2024-01-25 08:00:00,LINE-A,MC-01,PRD-A,B,4,25.00311785029065,24.85,25.15
SG-MC-01-2024012508,2024-01-25 08:00:00,LINE-A,MC-01,PRD-A,B,5,24.972702004512964,24.85,25.15
SG-MC-01-2024012516,2024-01-25 16:00:00,LINE-A,MC-01,PRD-A,C,1,25.067091962985867,24.85,25.15
SG-MC-01-2024012516,2024-01-25 16:00:00,LINE-A,MC-01,PRD-A,C,2,24.983729781296596,24.85,25.15
SG-MC-01-2024012516,2024-01-25 16:00:00,LINE-A,MC-01,PRD-A,C,3,25.00997635513853,24.85,25.15
SG-MC-01-2024012516,2024-01-25 16:00:00,LINE-A,MC-01,PRD-A,C,4,25.001147160578434,24.85,25.15
SG-MC-01-2024012516,2024-01-25 16:00:00,LINE-A,MC-01,PRD-A,C,5,25.03473125246565,24.85,25.15
SG-MC-01-2024012600,2024-01-26 00:00:00,LINE-A,MC-01,PRD-A,A,1,24.919923019007864,24.85,25.15
SG-MC-01-2024012600,2024-01-26 00:00:00,LINE-A,MC-01,PRD-A,A,2,25.01377825274345,24.85,25.15
SG-MC-01-2024012600,2024-01-26 00:00:00,LINE-A,MC-01,PRD-A,A,3,25.0072867526789,24.85,25.15
SG-MC-01-2024012600,2024-01-26 00:00:00,LINE-A,MC-01,PRD-A,A,4,25.003701223545328,24.85,25.15
SG-MC-01-2024012600,2024-01-26 00:00:00,LINE-A,MC-01,PRD-A,A,5,25.061318846077867,24.85,25.15
SG-MC-01-2024012608,2024-01-26 08:00:00,LINE-A,MC-01,PRD-A,B,1,24.99553242406139,24.85,25.15
SG-MC-01-2024012608,2024-01-26 08:00:00,LINE-A,MC-01,PRD-A,B,2,24.998029816395565,24.85,25.15
SG-MC-01-2024012608,2024-01-26 08:00:00,LINE-A,MC-01,PRD-A,B,3,25.013106137638214,24.85,25.15
SG-MC-01-2024012608,2024-01-26 08:00:00,LINE-A,MC-01,PRD-A,B,4,25.074312026924982,24.85,25.15
SG-MC-01-2024012608,2024-01-26 08:00:00,LINE-A,MC-01,PRD-A,B,5,25.00347214949899,24.85,25.15
SG-MC-01-2024012616,2024-01-26 16:00:00,LINE-A,MC-01,PRD-A,C,1,25.064132010874406,24.85,25.15
SG-MC-01-2024012616,2024-01-26 16:00:00,LINE-A,MC-01,PRD-A,C,2,24.99220375434447,24.85,25.15
SG-MC-01-2024012616,2024-01-26 16:00:00,LINE-A,MC-01,PRD-A,C,3,24.97061438629821,24.85,25.15
SG-MC-01-2024012616,2024-01-26 16:00:00,LINE-A,MC-01,PRD-A,C,4,25.069514339715226,24.85,25.15
SG-MC-01-2024012616,2024-01-26 16:00:00,LINE-A,MC-01,PRD-A,C,5,25.01667376974463,24.85,25.15
SG-MC-01-2024012700,2024-01-27 00:00:00,LINE-A,MC-01,PRD-B,A,1,80.02702515830522,79.72,80.28
SG-MC-01-2024012700,2024-01-27 00:00:00,LINE-A,MC-01,PRD-B,A,2,80.02858028008062,79.72,80.28
SG-MC-01-2024012700,2024-01-27 00:00:00,LINE-A,MC-01,PRD-B,A,3,80.01114024117612,79.72,80.28
SG-MC-01-2024012700,2024-01-27 00:00:00,LINE-A,MC-01,PRD-B,A,4,79.98219541194322,79.72,80.28
SG-MC-01-2024012700,2024-01-27 00:00:00,LINE-A,MC-01,PRD-B,A,5,79.96362167948075,79.72,80.28
SG-MC-01-2024012708,2024-01-27 08:00:00,LINE-A,MC-01,PRD-B,B,1,80.02056736384718,79.72,80.28
SG-MC-01-2024012708,2024-01-27 08:00:00,LINE-A,MC-01,PRD-B,B,2,80.00531038888738,79.72,80.28
SG-MC-01-2024012708,2024-01-27 08:00:00,LINE-A,MC-01,PRD-B,B,3,79.91229900056675,79.72,80.28
SG-MC-01-2024012708,2024-01-27 08:00:00,LINE-A,MC-01,PRD-B,B,4,79.99676325267433,79.72,80.28
SG-MC-01-2024012708,2024-01-27 08:00:00,LINE-A,MC-01,PRD-B,B,5,80.01142535099447,79.72,80.28
SG-MC-01-2024012716,2024-01-27 16:00:00,LINE-A,MC-01,PRD-B,C,1,80.00027789480204,79.72,80.28
SG-MC-01-2024012716,2024-01-27 16:00:00,LINE-A,MC-01,PRD-B,C,2,79.9574195694885,79.72,80.28
SG-MC-01-2024012716,2024-01-27 16:00:00,LINE-A,MC-01,PRD-B,C,3,79.95840930266691,79.72,80.28
SG-MC-01-2024012716,2024-01-27 16:00:00,LINE-A,MC-01,PRD-B,C,4,80.0102734466641,79.72,80.28
SG-MC-01-2024012716,2024-01-27 16:00:00,LINE-A,MC-01,PRD-B,C,5,80.00570158091763,79.72,80.28
SG-MC-01-2024012800,2024-01-28 00:00:00,LINE-A,MC-01,PRD-B,A,1,80.00837928924203,79.72,80.28
SG-MC-01-2024012800,2024-01-28 00:00:00,LINE-A,MC-01,PRD-B,A,2,80.03499207758101,79.72,80.28
SG-MC-01-2024012800,2024-01-28 00:00:00,LINE-A,MC-01,PRD-B,A,3,80.12142952276432,79.72,80.28
SG-MC-01-2024012800,2024-01-28 00:00:00,LINE-A,MC-01,PRD-B,A,4,80.02528875549704,79.72,80.28
SG-MC-01-2024012800,2024-01-28 00:00:00,LINE-A,MC-01,PRD-B,A,5,80.05017497909688,79.72,80.28
SG-MC-01-2024012808,2024-01-28 08:00:00,LINE-A,MC-01,PRD-B,B,1,80.03486093044945,79.72,80.28
SG-MC-01-2024012808,2024-01-28 08:00:00,LINE-A,MC-01,PRD-B,B,2,80.06233757843702,79.72,80.28
SG-MC-01-2024012808,2024-01-28 08:00:00,LINE-A,MC-01,PRD-B,B,3,79.96050522436485,79.72,80.28
SG-MC-01-2024012808,2024-01-28 08:00:00,LINE-A,MC-01,PRD-B,B,4,80.065289133312,79.72,80.28
SG-MC-01-2024012808,2024-01-28 08:00:00,LINE-A,MC-01,PRD-B,B,5,79.98609491738556,79.72,80.28
SG-MC-01-2024012816,2024-01-28 16:00:00,LINE-A,MC-01,PRD-B,C,1,79.99798718860472,79.72,80.28
SG-MC-01-2024012816,2024-01-28 16:00:00,LINE-A,MC-01,PRD-B,C,2,80.01141664394457,79.72,80.28
SG-MC-01-2024012816,2024-01-28 16:00:00,LINE-A,MC-01,PRD-B,C,3,80.0387700612054,79.72,80.28
SG-MC-01-2024012816,2024-01-28 16:00:00,LINE-A,MC-01,PRD-B,C,4,80.02351373580692,79.72,80.28
SG-MC-01-2024012816,2024-01-28 16:00:00,LINE-A,MC-01,PRD-B,C,5,80.07308806221226,79.72,80.28
SG-MC-01-2024012900,2024-01-29 00:00:00,LINE-A,MC-01,PRD-C,A,1,42.040055903889794,41.8,42.2
SG-MC-01-2024012900,2024-01-29 00:00:00,LINE-A,MC-01,PRD-C,A,2,41.963485613763815,41.8,42.2
SG-MC-01-2024012900,2024-01-29 00:00:00,LINE-A,MC-01,PRD-C,A,3,42.02667019062403,41.8,42.2
SG-MC-01-2024012900,2024-01-29 00:00:00,LINE-A,MC-01,PRD-C,A,4,41.98997957490269,41.8,42.2
SG-MC-01-2024012900,2024-01-29 00:00:00,LINE-A,MC-01,PRD-C,A,5,41.99587786277215,41.8,42.2
SG-MC-01-2024012908,2024-01-29 08:00:00,LINE-A,MC-01,PRD-C,B,1,42.09254276969243,41.8,42.2
SG-MC-01-2024012908,2024-01-29 08:00:00,LINE-A,MC-01,PRD-C,B,2,42.032036342406904,41.8,42.2
SG-MC-01-2024012908,2024-01-29 08:00:00,LINE-A,MC-01,PRD-C,B,3,41.93948861833305,41.8,42.2
SG-MC-01-2024012908,2024-01-29 08:00:00,LINE-A,MC-01,PRD-C,B,4,42.03889386012321,41.8,42.2
SG-MC-01-2024012908,2024-01-29 08:00:00,LINE-A,MC-01,PRD-C,B,5,42.10672933704952,41.8,42.2
SG-MC-01-2024012916,2024-01-29 16:00:00,LINE-A,MC-01,PRD-C,C,1,42.01928337204922,41.8,42.2
SG-MC-01-2024012916,2024-01-29 16:00:00,LINE-A,MC-01,PRD-C,C,2,42.08089533416434,41.8,42.2
SG-MC-01-2024012916,2024-01-29 16:00:00,LINE-A,MC-01,PRD-C,C,3,42.03654571515734,41.8,42.2
SG-MC-01-2024012916,2024-01-29 16:00:00,LINE-A,MC-01,PRD-C,C,4,41.97675077608615,41.8,42.2
SG-MC-01-2024012916,2024-01-29 16:00:00,LINE-A,MC-01,PRD-C,C,5,42.0034734121721,41.8,42.2
SG-MC-01-2024013000,2024-01-30 00:00:00,LINE-A,MC-01,PRD-C,A,1,41.99514770718915,41.8,42.2
SG-MC-01-2024013000,2024-01-30 00:00:00,LINE-A,MC-01,PRD-C,A,2,42.06293397989451,41.8,42.2
SG-MC-01-2024013000,2024-01-30 00:00:00,LINE-A,MC-01,PRD-C,A,3,42.08395058794666,41.8,42.2
SG-MC-01-2024013000,2024-01-30 00:00:00,LINE-A,MC-01,PRD-C,A,4,41.97175864946099,41.8,42.2
SG-MC-01-2024013000,2024-01-30 00:00:00,LINE-A,MC-01,PRD-C,A,5,42.035482228169236,41.8,42.2
SG-MC-01-2024013008,2024-01-30 08:00:00,LINE-A,MC-01,PRD-C,B,1,42.08634645046232,41.8,42.2
SG-MC-01-2024013008,2024-01-30 08:00:00,LINE-A,MC-01,PRD-C,B,2,42.03759819224862,41.8,42.2
SG-MC-01-2024013008,2024-01-30 08:00:00,LINE-A,MC-01,PRD-C,B,3,41.982887541348454,41.8,42.2
SG-MC-01-2024013008,2024-01-30 08:00:00,LINE-A,MC-01,PRD-C,B,4,41.96919396005187,41.8,42.2
SG-MC-01-2024013008,2024-01-30 08:00:00,LINE-A,MC-01,PRD-C,B,5,41.994801373081856,41.8,42.2
SG-MC-01-2024013016,2024-01-30 16:00:00,LINE-A,MC-01,PRD-C,C,1,42.04071054715421,41.8,42.2
SG-MC-01-2024013016,2024-01-30 16:00:00,LINE-A,MC-01,PRD-C,C,2,42.04301579703647,41.8,42.2
SG-MC-01-2024013016,2024-01-30 16:00:00,LINE-A,MC-01,PRD-C,C,3,41.986860220431346,41.8,42.2
SG-MC-01-2024013016,2024-01-30 16:00:00,LINE-A,MC-01,PRD-C,C,4,41.99100151972254,41.8,42.2
SG-MC-01-2024013016,2024-01-30 16:00:00,LINE-A,MC-01,PRD-C,C,5,42.00236269933925,41.8,42.2
SG-MC-01-2024013100,2024-01-31 00:00:00,LINE-A,MC-01,PRD-D,A,1,60.04647433692612,59.78,60.22
SG-MC-01-2024013100,2024-01-31 00:00:00,LINE-A,MC-01,PRD-D,A,2,60.01435437558281,59.78,60.22
SG-MC-01-2024013100,2024-01-31 00:00:00,LINE-A,MC-01,PRD-D,A,3,60.056549017314715,59.78,60.22
SG-MC-01-2024013100,2024-01-31 00:00:00,LINE-A,MC-01,PRD-D,A,4,60.03341065411593,59.78,60.22
SG-MC-01-2024013100,2024-01-31 00:00:00,LINE-A,MC-01,PRD-D,A,5,60.00915635854037,59.78,60.22
SG-MC-01-2024013108,2024-01-31 08:00:00,LINE-A,MC-01,PRD-D,B,1,60.00722932335467,59.78,60.22
SG-MC-01-2024013108,2024-01-31 08:00:00,LINE-A,MC-01,PRD-D,B,2,60.013857628543796,59.78,60.22
SG-MC-01-2024013108,2024-01-31 08:00:00,LINE-A,MC-01,PRD-D,B,3,60.00410466471595,59.78,60.22
SG-MC-01-2024013108,2024-01-31 08:00:00,LINE-A,MC-01,PRD-D,B,4,60.05259885425672,59.78,60.22
SG-MC-01-2024013108,2024-01-31 08:00:00,LINE-A,MC-01,PRD-D,B,5,60.00474460537804,59.78,60.22
SG-MC-01-2024013116,2024-01-31 16:00:00,LINE-A,MC-01,PRD-D,C,1,59.9412283682008,59.78,60.22
SG-MC-01-2024013116,2024-01-31 16:00:00,LINE-A,MC-01,PRD-D,C,2,60.01102446425176,59.78,60.22
SG-MC-01-2024013116,2024-01-31 16:00:00,LINE-A,MC-01,PRD-D,C,3,59.965469476223305,59.78,60.22
SG-MC-01-2024013116,2024-01-31 16:00:00,LINE-A,MC-01,PRD-D,C,4,60.010890329070556,59.78,60.22
SG-MC-01-2024013116,2024-01-31 16:00:00,LINE-A,MC-01,PRD-D,C,5,59.991601881485856,59.78,60.22
SG-MC-01-2024020100,2024-02-01 00:00:00,LINE-A,MC-01,PRD-D,A,1,59.97381350914414,59.78,60.22
SG-MC-01-2024020100,2024-02-01 00:00:00,LINE-A,MC-01,PRD-D,A,2,59.98737400571952,59.78,60.22
SG-MC-01-2024020100,2024-02-01 00:00:00,LINE-A,MC-01,PRD-D,A,3,60.024881561297484,59.78,60.22
SG-MC-01-2024020100,2024-02-01 00:00:00,LINE-A,MC-01,PRD-D,A,4,60.00486475114124,59.78,60.22
SG-MC-01-2024020100,2024-02-01 00:00:00,LINE-A,MC-01,PRD-D,A,5,60.01864609416975,59.78,60.22
SG-MC-01-2024020108,2024-02-01 08:00:00,LINE-A,MC-01,PRD-D,B,1,59.99951579236654,59.78,60.22
SG-MC-01-2024020108,2024-02-01 08:00:00,LINE-A,MC-01,PRD-D,B,2,60.07628982329243,59.78,60.22
SG-MC-01-2024020108,2024-02-01 08:00:00,LINE-A,MC-01,PRD-D,B,3,59.96303902521898,59.78,60.22
SG-MC-01-2024020108,2024-02-01 08:00:00,LINE-A,MC-01,PRD-D,B,4,60.02863923311502,59.78,60.22
SG-MC-01-2024020108,2024-02-01 08:00:00,LINE-A,MC-01,PRD-D,B,5,60.03871675191318,59.78,60.22
SG-MC-01-2024020116,2024-02-01 16:00:00,LINE-A,MC-01,PRD-D,C,1,60.015441528352056,59.78,60.22
SG-MC-01-2024020116,2024-02-01 16:00:00,LINE-A,MC-01,PRD-D,C,2,59.95946031687513,59.78,60.22
SG-MC-01-2024020116,2024-02-01 16:00:00,LINE-A,MC-01,PRD-D,C,3,60.01555725311041,59.78,60.22
SG-MC-01-2024020116,2024-02-01 16:00:00,LINE-A,MC-01,PRD-D,C,4,60.00893693002383,59.78,60.22
SG-MC-01-2024020116,2024-02-01 16:00:00,LINE-A,MC-01,PRD-D,C,5,59.95427410959067,59.78,60.22
SG-MC-01-2024020200,2024-02-02 00:00:00,LINE-A,MC-01,PRD-A,A,1,25.030983024283515,24.85,25.15
SG-MC-01-2024020200,2024-02-02 00:00:00,LINE-A,MC-01,PRD-A,A,2,25.026810788652465,24.85,25.15
SG-MC-01-2024020200,2024-02-02 00:00:00,LINE-A,MC-01,PRD-A,A,3,24.98107053915524,24.85,25.15
SG-MC-01-2024020200,2024-02-02 00:00:00,LINE-A,MC-01,PRD-A,A,4,24.99619652455675,24.85,25.15
SG-MC-01-2024020200,2024-02-02 00:00:00,LINE-A,MC-01,PRD-A,A,5,24.998913850908256,24.85,25.15
SG-MC-01-2024020208,2024-02-02 08:00:00,LINE-A,MC-01,PRD-A,B,1,25.0360433791549,24.85,25.15
SG-MC-01-2024020208,2024-02-02 08:00:00,LINE-A,MC-01,PRD-A,B,2,24.986997776918372,24.85,25.15
SG-MC-01-2024020208,2024-02-02 08:00:00,LINE-A,MC-01,PRD-A,B,3,25.019874135354065,24.85,25.15
SG-MC-01-2024020208,2024-02-02 08:00:00,LINE-A,MC-01,PRD-A,B,4,24.968360706806852,24.85,25.15
SG-MC-01-2024020208,2024-02-02 08:00:00,LINE-A,MC-01,PRD-A,B,5,24.93199218890213,24.85,25.15
SG-MC-01-2024020216,2024-02-02 16:00:00,LINE-A,MC-01,PRD-A,C,1,25.016351337319445,24.85,25.15
SG-MC-01-2024020216,2024-02-02 16:00:00,LINE-A,MC-01,PRD-A,C,2,24.96712042917413,24.85,25.15
SG-MC-01-2024020216,2024-02-02 16:00:00,LINE-A,MC-01,PRD-A,C,3,24.96742106958014,24.85,25.15
SG-MC-01-2024020216,2024-02-02 16:00:00,LINE-A,MC-01,PRD-A,C,4,25.00559404650263,24.85,25.15
SG-MC-01-2024020216,2024-02-02 16:00:00,LINE-A,MC-01,PRD-A,C,5,25.004007230561648,24.85,25.15
SG-MC-01-2024020300,2024-02-03 00:00:00,LINE-A,MC-01,PRD-A,A,1,25.007059456546116,24.85,25.15
SG-MC-01-2024020300,2024-02-03 00:00:00,LINE-A,MC-01,PRD-A,A,2,24.975656793929154,24.85,25.15
SG-MC-01-2024020300,2024-02-03 00:00:00,LINE-A,MC-01,PRD-A,A,3,25.03214187537896,24.85,25.15
SG-MC-01-2024020300,2024-02-03 00:00:00,LINE-A,MC-01,PRD-A,A,4,25.009164576897877,24.85,25.15
SG-MC-01-2024020300,2024-02-03 00:00:00,LINE-A,MC-01,PRD-A,A,5,24.961826150206218,24.85,25.15
