subgroup_id,timestamp,machine_id,product_id,xbar,range,n,xbar_lcl,xbar_cl,xbar_ucl,range_lcl,range_cl,range_ucl,rule_1_beyond_3sigma,rule_2_two_of_three_beyond_2sigma,rule_3_four_of_five_beyond_1sigma,rule_4_eight_same_side,any_signal,range_rule_1
SG-MC-01-2025062200,2025-06-22 00:00:00,MC-01,PRD-B,80.0115582256789,0.1116430939029839,5,79.98133298727322,80.02998001088412,80.07862703449501,0.0,0.0843102662233807,0.1782319027962268,False,False,False,False,False,False
SG-MC-05-2025062200,2025-06-22 00:00:00,MC-05,PRD-B,80.05794482580359,0.107030741444376,5,79.98133298727322,80.02998001088412,80.07862703449501,0.0,0.0843102662233807,0.1782319027962268,False,False,False,False,False,False
SG-MC-03-2025062200,2025-06-22 00:00:00,MC-03,PRD-D,60.03578869397368,0.0888055175973576,5,59.9812332134637,60.03007765222271,60.07892209098171,0.0,0.0846524068613621,0.1789551881049196,False,False,False,False,False,False
SG-MC-07-2025062200,2025-06-22 00:00:00,MC-07,PRD-D,60.036668563884426,0.1768359808182893,5,59.9812332134637,60.03007765222271,60.07892209098171,0.0,0.0846524068613621,0.1789551881049196,False,False,False,False,False,False
SG-MC-06-2025062200,2025-06-22 00:00:00,MC-06,PRD-C,41.99693880674461,0.0903475348209923,5,41.98128274145005,42.03038150785648,42.0794802742629,0.0,0.0850931826801104,0.1798869881857533,False,False,False,False,False,False
SG-MC-10-2025062200,2025-06-22 00:00:00,MC-10,PRD-C,42.03496750697313,0.069103994274883,5,41.98128274145005,42.03038150785648,42.0794802742629,0.0,0.0850931826801104,0.1798869881857533,False,False,False,False,False,False
SG-MC-08-2025062200,2025-06-22 00:00:00,MC-08,PRD-A,25.048341136644503,0.072265382594729,5,24.98096531359448,25.029746559290437,25.07852780498639,0.0,0.0845428868214142,0.1787236627404697,False,False,False,False,False,False
SG-MC-04-2025062200,2025-06-22 00:00:00,MC-04,PRD-A,25.034814719057856,0.1257347798946533,5,24.98096531359448,25.029746559290437,25.07852780498639,0.0,0.0845428868214142,0.1787236627404697,False,False,False,False,False,False
SG-MC-06-2025062208,2025-06-22 08:00:00,MC-06,PRD-C,41.9905792758278,0.0428030205062057,5,41.98128274145005,42.03038150785648,42.0794802742629,0.0,0.0850931826801104,0.1798869881857533,False,True,False,False,True,False
SG-MC-08-2025062208,2025-06-22 08:00:00,MC-08,PRD-A,25.05415876765537,0.1487363775805477,5,24.98096531359448,25.029746559290437,25.07852780498639,0.0,0.0845428868214142,0.1787236627404697,False,False,False,False,False,False
SG-MC-09-2025062208,2025-06-22 08:00:00,MC-09,PRD-B,80.04574121060448,0.1343968218201894,5,79.98133298727322,80.02998001088412,80.07862703449501,0.0,0.0843102662233807,0.1782319027962268,False,False,False,False,False,False
SG-MC-01-2025062208,2025-06-22 08:00:00,MC-01,PRD-B,79.99626450608835,0.082859883946341,5,79.98133298727322,80.02998001088412,80.07862703449501,0.0,0.0843102662233807,0.1782319027962268,False,False,False,False,False,False
SG-MC-05-2025062208,2025-06-22 08:00:00,MC-05,PRD-B,80.02607221809114,0.0402522212778535,5,79.98133298727322,80.02998001088412,80.07862703449501,0.0,0.0843102662233807,0.1782319027962268,False,False,False,False,False,False
SG-MC-03-2025062208,2025-06-22 08:00:00,MC-03,PRD-D,60.041694685200106,0.0422248626544146,5,59.9812332134637,60.03007765222271,60.07892209098171,0.0,0.0846524068613621,0.1789551881049196,False,False,False,False,False,False
SG-MC-11-2025062208,2025-06-22 08:00:00,MC-11,PRD-D,59.97191392012026,0.1289010468025182,5,59.9812332134637,60.03007765222271,60.07892209098171,0.0,0.0846524068613621,0.1789551881049196,True,False,False,False,True,False
SG-MC-07-2025062208,2025-06-22 08:00:00,MC-07,PRD-D,60.05092338849448,0.1520819390041126,5,59.9812332134637,60.03007765222271,60.07892209098171,0.0,0.0846524068613621,0.1789551881049196,False,False,False,False,False,False
SG-MC-02-2025062208,2025-06-22 08:00:00,MC-02,PRD-C,42.05347870210649,0.0939675849027565,5,41.98128274145005,42.03038150785648,42.0794802742629,0.0,0.0850931826801104,0.1798869881857533,False,False,False,False,False,False
SG-MC-10-2025062208,2025-06-22 08:00:00,MC-10,PRD-C,42.03565569312492,0.0253151245922751,5,41.98128274145005,42.03038150785648,42.0794802742629,0.0,0.0850931826801104,0.1798869881857533,False,False,False,False,False,False
SG-MC-04-2025062208,2025-06-22 08:00:00,MC-04,PRD-A,25.03574535468864,0.0772061771878398,5,24.98096531359448,25.029746559290437,25.07852780498639,0.0,0.0845428868214142,0.1787236627404697,False,False,False,False,False,False
SG-MC-12-2025062208,2025-06-22 08:00:00,MC-12,PRD-A,24.99450519338735,0.0376010344912067,5,24.98096531359448,25.029746559290437,25.07852780498639,0.0,0.0845428868214142,0.1787236627404697,False,False,False,False,False,False
SG-MC-05-2025062216,2025-06-22 16:00:00,MC-05,PRD-B,80.0237122562847,0.060146808712048,5,79.98133298727322,80.02998001088412,80.07862703449501,0.0,0.0843102662233807,0.1782319027962268,False,False,False,False,False,False
SG-MC-09-2025062216,2025-06-22 16:00:00,MC-09,PRD-B,80.05789310930906,0.1063513494352861,5,79.98133298727322,80.02998001088412,80.07862703449501,0.0,0.0843102662233807,0.1782319027962268,False,False,False,False,False,False
SG-MC-12-2025062216,2025-06-22 16:00:00,MC-12,PRD-A,25.043806411983,0.0727314755148356,5,24.98096531359448,25.029746559290437,25.07852780498639,0.0,0.0845428868214142,0.1787236627404697,False,False,False,False,False,False
SG-MC-08-2025062216,2025-06-22 16:00:00,MC-08,PRD-A,25.00403771947089,0.2007785689801657,5,24.98096531359448,25.029746559290437,25.07852780498639,0.0,0.0845428868214142,0.1787236627404697,False,False,False,False,False,True
SG-MC-04-2025062216,2025-06-22 16:00:00,MC-04,PRD-A,25.039404460982503,0.076300878229734,5,24.98096531359448,25.029746559290437,25.07852780498639,0.0,0.0845428868214142,0.1787236627404697,False,False,False,False,False,False
SG-MC-10-2025062216,2025-06-22 16:00:00,MC-10,PRD-C,42.06531898947342,0.0726232123029575,5,41.98128274145005,42.03038150785648,42.0794802742629,0.0,0.0850931826801104,0.1798869881857533,False,False,False,False,False,False
SG-MC-02-2025062216,2025-06-22 16:00:00,MC-02,PRD-C,42.00906045939754,0.13229222823864,5,41.98128274145005,42.03038150785648,42.0794802742629,0.0,0.0850931826801104,0.1798869881857533,False,False,False,False,False,False
SG-MC-06-2025062216,2025-06-22 16:00:00,MC-06,PRD-C,42.01541190307698,0.1133117660001516,5,41.98128274145005,42.03038150785648,42.0794802742629,0.0,0.0850931826801104,0.1798869881857533,False,False,False,False,False,False
SG-MC-11-2025062216,2025-06-22 16:00:00,MC-11,PRD-D,60.03890672668673,0.095971540609284,5,59.9812332134637,60.03007765222271,60.07892209098171,0.0,0.0846524068613621,0.1789551881049196,False,False,False,False,False,False
SG-MC-03-2025062216,2025-06-22 16:00:00,MC-03,PRD-D,60.023382524878784,0.134154607913004,5,59.9812332134637,60.03007765222271,60.07892209098171,0.0,0.0846524068613621,0.1789551881049196,False,False,False,False,False,False
SG-MC-07-2025062216,2025-06-22 16:00:00,MC-07,PRD-D,60.06721241507408,0.0720210715409308,5,59.9812332134637,60.03007765222271,60.07892209098171,0.0,0.0846524068613621,0.1789551881049196,False,False,False,False,False,False
SG-MC-01-2025062216,2025-06-22 16:00:00,MC-01,PRD-B,79.98244898613919,0.1026525375885825,5,79.98133298727322,80.02998001088412,80.07862703449501,0.0,0.0843102662233807,0.1782319027962268,False,False,False,False,False,False
SG-MC-10-2025062300,2025-06-23 00:00:00,MC-10,PRD-C,42.03609808301076,0.0640541247791972,5,41.98128274145005,42.03038150785648,42.0794802742629,0.0,0.0850931826801104,0.1798869881857533,False,False,False,False,False,False
SG-MC-06-2025062300,2025-06-23 00:00:00,MC-06,PRD-C,41.99030631123702,0.0612679329486383,5,41.98128274145005,42.03038150785648,42.0794802742629,0.0,0.0850931826801104,0.1798869881857533,False,False,False,False,False,False
SG-MC-01-2025062300,2025-06-23 00:00:00,MC-01,PRD-B,79.99618659305659,0.030639702300732,5,79.98133298727322,80.02998001088412,80.07862703449501,0.0,0.0843102662233807,0.1782319027962268,False,False,False,False,False,False
SG-MC-02-2025062300,2025-06-23 00:00:00,MC-02,PRD-C,41.97863181088304,0.0818486039882628,5,41.98128274145005,42.03038150785648,42.0794802742629,0.0,0.0850931826801104,0.1798869881857533,True,True,False,False,True,False
SG-MC-09-2025062300,2025-06-23 00:00:00,MC-09,PRD-B,80.03660484353426,0.0976171018551639,5,79.98133298727322,80.02998001088412,80.07862703449501,0.0,0.0843102662233807,0.1782319027962268,False,False,False,False,False,False
SG-MC-05-2025062300,2025-06-23 00:00:00,MC-05,PRD-B,80.02385905492773,0.0520458229956091,5,79.98133298727322,80.02998001088412,80.07862703449501,0.0,0.0843102662233807,0.1782319027962268,False,False,False,False,False,False
SG-MC-03-2025062300,2025-06-23 00:00:00,MC-03,PRD-D,60.060716109410976,0.0960583153758989,5,59.9812332134637,60.03007765222271,60.07892209098171,0.0,0.0846524068613621,0.1789551881049196,False,False,False,False,False,False
SG-MC-08-2025062300,2025-06-23 00:00:00,MC-08,PRD-A,25.035781998604385,0.1023309500722717,5,24.98096531359448,25.029746559290437,25.07852780498639,0.0,0.0845428868214142,0.1787236627404697,False,False,False,False,False,False
SG-MC-04-2025062300,2025-06-23 00:00:00,MC-04,PRD-A,25.05206257512037,0.0395622788796359,5,24.98096531359448,25.029746559290437,25.07852780498639,0.0,0.0845428868214142,0.1787236627404697,False,False,False,False,False,False
SG-MC-12-2025062300,2025-06-23 00:00:00,MC-12,PRD-A,24.99046526283329,0.0552262311392048,5,24.98096531359448,25.029746559290437,25.07852780498639,0.0,0.0845428868214142,0.1787236627404697,False,False,False,False,False,False
SG-MC-07-2025062300,2025-06-23 00:00:00,MC-07,PRD-D,60.03783530948884,0.0685129003144595,5,59.9812332134637,60.03007765222271,60.07892209098171,0.0,0.0846524068613621,0.1789551881049196,False,False,False,False,False,False
SG-MC-11-2025062300,2025-06-23 00:00:00,MC-11,PRD-D,60.03761697340557,0.1356534644499021,5,59.9812332134637,60.03007765222271,60.07892209098171,0.0,0.0846524068613621,0.1789551881049196,False,False,False,False,False,False
SG-MC-02-2025062308,2025-06-23 08:00:00,MC-02,PRD-C,42.028021337068864,0.0908850812412609,5,41.98128274145005,42.03038150785648,42.0794802742629,0.0,0.0850931826801104,0.1798869881857533,False,False,False,False,False,False
SG-MC-06-2025062308,2025-06-23 08:00:00,MC-06,PRD-C,42.03621054448461,0.0949013399726368,5,41.98128274145005,42.03038150785648,42.0794802742629,0.0,0.0850931826801104,0.1798869881857533,False,False,False,False,False,False
SG-MC-10-2025062308,2025-06-23 08:00:00,MC-10,PRD-C,42.03532999319631,0.0874611929866162,5,41.98128274145005,42.03038150785648,42.0794802742629,0.0,0.0850931826801104,0.1798869881857533,False,False,False,False,False,False
SG-MC-12-2025062308,2025-06-23 08:00:00,MC-12,PRD-A,25.00291727251961,0.0451439041360437,5,24.98096531359448,25.029746559290437,25.07852780498639,0.0,0.0845428868214142,0.1787236627404697,False,False,False,False,False,False
SG-MC-04-2025062308,2025-06-23 08:00:00,MC-04,PRD-A,25.026409835780687,0.0149967643681314,5,24.98096531359448,25.029746559290437,25.07852780498639,0.0,0.0845428868214142,0.1787236627404697,False,False,False,False,False,False
SG-MC-07-2025062308,2025-06-23 08:00:00,MC-07,PRD-D,60.02865280339182,0.1376565720191038,5,59.9812332134637,60.03007765222271,60.07892209098171,0.0,0.0846524068613621,0.1789551881049196,False,False,False,False,False,False
SG-MC-03-2025062308,2025-06-23 08:00:00,MC-03,PRD-D,60.029018683251614,0.1086789698096524,5,59.9812332134637,60.03007765222271,60.07892209098171,0.0,0.0846524068613621,0.1789551881049196,False,False,False,False,False,False
SG-MC-11-2025062308,2025-06-23 08:00:00,MC-11,PRD-D,59.99453863911149,0.054776761204998,5,59.9812332134637,60.03007765222271,60.07892209098171,0.0,0.0846524068613621,0.1789551881049196,False,False,False,False,False,False
SG-MC-08-2025062308,2025-06-23 08:00:00,MC-08,PRD-A,25.044708948526296,0.071699317791495,5,24.98096531359448,25.029746559290437,25.07852780498639,0.0,0.0845428868214142,0.1787236627404697,False,False,False,False,False,False
SG-MC-09-2025062308,2025-06-23 08:00:00,MC-09,PRD-B,80.03245702063444,0.0529111187254471,5,79.98133298727322,80.02998001088412,80.07862703449501,0.0,0.0843102662233807,0.1782319027962268,False,False,False,False,False,False
SG-MC-01-2025062308,2025-06-23 08:00:00,MC-01,PRD-B,80.03986907531097,0.0967970335183281,5,79.98133298727322,80.02998001088412,80.07862703449501,0.0,0.0843102662233807,0.1782319027962268,False,False,False,False,False,False
SG-MC-05-2025062308,2025-06-23 08:00:00,MC-05,PRD-B,80.04082311634068,0.1301533111480495,5,79.98133298727322,80.02998001088412,80.07862703449501,0.0,0.0843102662233807,0.1782319027962268,False,False,False,False,False,False
SG-MC-06-2025062316,2025-06-23 16:00:00,MC-06,PRD-C,41.99923404638115,0.1011982979992041,5,41.98128274145005,42.03038150785648,42.0794802742629,0.0,0.0850931826801104,0.1798869881857533,False,False,False,False,False,False
SG-MC-01-2025062316,2025-06-23 16:00:00,MC-01,PRD-B,80.02118746435342,0.0603245845736921,5,79.98133298727322,80.02998001088412,80.07862703449501,0.0,0.0843102662233807,0.1782319027962268,False,False,False,False,False,False
SG-MC-09-2025062316,2025-06-23 16:00:00,MC-09,PRD-B,80.02701885972843,0.0815305316230592,5,79.98133298727322,80.02998001088412,80.07862703449501,0.0,0.0843102662233807,0.1782319027962268,False,False,False,False,False,False
SG-MC-12-2025062316,2025-06-23 16:00:00,MC-12,PRD-A,24.99263467268666,0.0568585059587753,5,24.98096531359448,25.029746559290437,25.07852780498639,0.0,0.0845428868214142,0.1787236627404697,False,False,False,False,False,False
SG-MC-08-2025062316,2025-06-23 16:00:00,MC-08,PRD-A,25.009723150329638,0.027510808634279,5,24.98096531359448,25.029746559290437,25.07852780498639,0.0,0.0845428868214142,0.1787236627404697,False,False,False,False,False,False
SG-MC-04-2025062316,2025-06-23 16:00:00,MC-04,PRD-A,25.02586370843874,0.0524604267880768,5,24.98096531359448,25.029746559290437,25.07852780498639,0.0,0.0845428868214142,0.1787236627404697,False,False,False,False,False,False
SG-MC-05-2025062316,2025-06-23 16:00:00,MC-05,PRD-B,80.04484903617032,0.0886449519729097,5,79.98133298727322,80.02998001088412,80.07862703449501,0.0,0.0843102662233807,0.1782319027962268,False,False,False,False,False,False
SG-MC-03-2025062316,2025-06-23 16:00:00,MC-03,PRD-D,60.07868629172492,0.1073855896587616,5,59.9812332134637,60.03007765222271,60.07892209098171,0.0,0.0846524068613621,0.1789551881049196,False,True,False,False,True,False
SG-MC-02-2025062316,2025-06-23 16:00:00,MC-02,PRD-C,42.02585911688781,0.0513813411870955,5,41.98128274145005,42.03038150785648,42.0794802742629,0.0,0.0850931826801104,0.1798869881857533,False,False,False,False,False,False
SG-MC-10-2025062316,2025-06-23 16:00:00,MC-10,PRD-C,42.0526226914752,0.0566956645148692,5,41.98128274145005,42.03038150785648,42.0794802742629,0.0,0.0850931826801104,0.1798869881857533,False,False,False,False,False,False
SG-MC-07-2025062316,2025-06-23 16:00:00,MC-07,PRD-D,60.08743668113177,0.1503346556468372,5,59.9812332134637,60.03007765222271,60.07892209098171,0.0,0.0846524068613621,0.1789551881049196,True,False,False,False,True,False
SG-MC-11-2025062316,2025-06-23 16:00:00,MC-11,PRD-D,60.0133758471038,0.0793685524673009,5,59.9812332134637,60.03007765222271,60.07892209098171,0.0,0.0846524068613621,0.1789551881049196,False,False,False,False,False,False
SG-MC-03-2025062400,2025-06-24 00:00:00,MC-03,PRD-A,25.05547973967264,0.1702937411015774,5,24.98096531359448,25.029746559290437,25.07852780498639,0.0,0.0845428868214142,0.1787236627404697,False,False,False,False,False,False
SG-MC-11-2025062400,2025-06-24 00:00:00,MC-11,PRD-A,24.987916666096023,0.0753227733734824,5,24.98096531359448,25.029746559290437,25.07852780498639,0.0,0.0845428868214142,0.1787236627404697,False,False,False,False,False,False
SG-MC-07-2025062400,2025-06-24 00:00:00,MC-07,PRD-A,25.061489183304765,0.0913856280137324,5,24.98096531359448,25.029746559290437,25.07852780498639,0.0,0.0845428868214142,0.1787236627404697,False,False,False,False,False,False
SG-MC-05-2025062400,2025-06-24 00:00:00,MC-05,PRD-C,42.03359502357946,0.0473638141962382,5,41.98128274145005,42.03038150785648,42.0794802742629,0.0,0.0850931826801104,0.1798869881857533,False,False,False,False,False,False
SG-MC-01-2025062400,2025-06-24 00:00:00,MC-01,PRD-C,42.01382581711396,0.0731865261305557,5,41.98128274145005,42.03038150785648,42.0794802742629,0.0,0.0850931826801104,0.1798869881857533,False,False,False,False,False,False
SG-MC-09-2025062400,2025-06-24 00:00:00,MC-09,PRD-C,42.03448878271467,0.0591982821805174,5,41.98128274145005,42.03038150785648,42.0794802742629,0.0,0.0850931826801104,0.1798869881857533,False,False,False,False,False,False
SG-MC-04-2025062400,2025-06-24 00:00:00,MC-04,PRD-B,80.01655989335177,0.0462252678781993,5,79.98133298727322,80.02998001088412,80.07862703449501,0.0,0.0843102662233807,0.1782319027962268,False,False,False,False,False,False
SG-MC-10-2025062400,2025-06-24 00:00:00,MC-10,PRD-D,60.03944722864044,0.0404295675045887,5,59.9812332134637,60.03007765222271,60.07892209098171,0.0,0.0846524068613621,0.1789551881049196,False,False,False,False,False,False
SG-MC-06-2025062400,2025-06-24 00:00:00,MC-06,PRD-D,59.98779666837813,0.0760381195022574,5,59.9812332134637,60.03007765222271,60.07892209098171,0.0,0.0846524068613621,0.1789551881049196,False,False,False,False,False,False
SG-MC-02-2025062400,2025-06-24 00:00:00,MC-02,PRD-D,60.037239540390274,0.0589806140226158,5,59.9812332134637,60.03007765222271,60.07892209098171,0.0,0.0846524068613621,0.1789551881049196,False,False,False,False,False,False
SG-MC-12-2025062400,2025-06-24 00:00:00,MC-12,PRD-B,79.99879318614941,0.0408018174488233,5,79.98133298727322,80.02998001088412,80.07862703449501,0.0,0.0843102662233807,0.1782319027962268,False,False,False,False,False,False
SG-MC-08-2025062400,2025-06-24 00:00:00,MC-08,PRD-B,80.04208590845784,0.0911326328618713,5,79.98133298727322,80.02998001088412,80.07862703449501,0.0,0.0843102662233807,0.1782319027962268,False,False,False,False,False,False
SG-MC-09-2025062408,2025-06-24 08:00:00,MC-09,PRD-C,42.06316715641828,0.0550303425452085,5,41.98128274145005,42.03038150785648,42.0794802742629,0.0,0.0850931826801104,0.1798869881857533,False,False,False,False,False,False
SG-MC-05-2025062408,2025-06-24 08:00:00,MC-05,PRD-C,42.04860500383484,0.0738523329811542,5,41.98128274145005,42.03038150785648,42.0794802742629,0.0,0.0850931826801104,0.1798869881857533,False,False,False,False,False,False
SG-MC-08-2025062408,2025-06-24 08:00:00,MC-08,PRD-B,80.02357470445271,0.1157419845979887,5,79.98133298727322,80.02998001088412,80.07862703449501,0.0,0.0843102662233807,0.1782319027962268,False,False,False,False,False,False
SG-MC-04-2025062408,2025-06-24 08:00:00,MC-04,PRD-B,80.02939036047292,0.0794702664104818,5,79.98133298727322,80.02998001088412,80.07862703449501,0.0,0.0843102662233807,0.1782319027962268,False,False,False,False,False,False
SG-MC-07-2025062408,2025-06-24 08:00:00,MC-07,PRD-A,25.049127232075826,0.1571363245107981,5,24.98096531359448,25.029746559290437,25.07852780498639,0.0,0.0845428868214142,0.1787236627404697,False,False,False,False,False,False
SG-MC-12-2025062408,2025-06-24 08:00:00,MC-12,PRD-B,80.00970619585209,0.1177242736052193,5,79.98133298727322,80.02998001088412,80.07862703449501,0.0,0.0843102662233807,0.1782319027962268,False,False,False,False,False,False
SG-MC-06-2025062408,2025-06-24 08:00:00,MC-06,PRD-D,60.0496362396373,0.1695820990670924,5,59.9812332134637,60.03007765222271,60.07892209098171,0.0,0.0846524068613621,0.1789551881049196,False,False,False,False,False,False
SG-MC-10-2025062408,2025-06-24 08:00:00,MC-10,PRD-D,60.03212175334437,0.0522616781921385,5,59.9812332134637,60.03007765222271,60.07892209098171,0.0,0.0846524068613621,0.1789551881049196,False,False,False,False,False,False
SG-MC-01-2025062408,2025-06-24 08:00:00,MC-01,PRD-C,42.00569989459983,0.0530422490403736,5,41.98128274145005,42.03038150785648,42.0794802742629,0.0,0.0850931826801104,0.1798869881857533,False,False,False,False,False,False
SG-MC-02-2025062408,2025-06-24 08:00:00,MC-02,PRD-D,60.01091164653517,0.0826330132889907,5,59.9812332134637,60.03007765222271,60.07892209098171,0.0,0.0846524068613621,0.1789551881049196,False,False,False,False,False,False
SG-MC-03-2025062408,2025-06-24 08:00:00,MC-03,PRD-A,25.034479312649616,0.0863218003847627,5,24.98096531359448,25.029746559290437,25.07852780498639,0.0,0.0845428868214142,0.1787236627404697,False,False,False,False,False,False
SG-MC-11-2025062408,2025-06-24 08:00:00,MC-11,PRD-A,24.98321510558178,0.06765864209639,5,24.98096531359448,25.029746559290437,25.07852780498639,0.0,0.0845428868214142,0.1787236627404697,False,True,False,False,True,False
SG-MC-09-2025062416,2025-06-24 16:00:00,MC-09,PRD-C,42.022438057375936,0.0263070606696516,5,41.98128274145005,42.03038150785648,42.0794802742629,0.0,0.0850931826801104,0.1798869881857533,False,False,False,False,False,False
SG-MC-01-2025062416,2025-06-24 16:00:00,MC-01,PRD-C,41.99453592488426,0.1179924063124246,5,41.98128274145005,42.03038150785648,42.0794802742629,0.0,0.0850931826801104,0.1798869881857533,False,False,False,False,False,False
SG-MC-05-2025062416,2025-06-24 16:00:00,MC-05,PRD-C,42.04364997339843,0.0652337220237768,5,41.98128274145005,42.03038150785648,42.0794802742629,0.0,0.0850931826801104,0.1798869881857533,False,False,False,False,False,False
SG-MC-08-2025062416,2025-06-24 16:00:00,MC-08,PRD-B,80.01665180663859,0.1156301098289134,5,79.98133298727322,80.02998001088412,80.07862703449501,0.0,0.0843102662233807,0.1782319027962268,False,False,False,False,False,False
SG-MC-02-2025062416,2025-06-24 16:00:00,MC-02,PRD-D,59.99945254900854,0.0434682059072883,5,59.9812332134637,60.03007765222271,60.07892209098171,0.0,0.0846524068613621,0.1789551881049196,False,False,False,False,False,False
SG-MC-04-2025062416,2025-06-24 16:00:00,MC-04,PRD-B,80.02253623808102,0.0664798840356581,5,79.98133298727322,80.02998001088412,80.07862703449501,0.0,0.0843102662233807,0.1782319027962268,False,False,False,False,False,False
SG-MC-06-2025062416,2025-06-24 16:00:00,MC-06,PRD-D,60.02896075672792,0.0647077728395473,5,59.9812332134637,60.03007765222271,60.07892209098171,0.0,0.0846524068613621,0.1789551881049196,False,False,False,False,False,False
SG-MC-12-2025062416,2025-06-24 16:00:00,MC-12,PRD-B,80.0229488432142,0.0956874821294064,5,79.98133298727322,80.02998001088412,80.07862703449501,0.0,0.0843102662233807,0.1782319027962268,False,False,False,False,False,False
SG-MC-07-2025062416,2025-06-24 16:00:00,MC-07,PRD-A,25.01313084316317,0.0936782818931831,5,24.98096531359448,25.029746559290437,25.07852780498639,0.0,0.0845428868214142,0.1787236627404697,False,False,False,False,False,False
SG-MC-03-2025062416,2025-06-24 16:00:00,MC-03,PRD-A,25.0719556546884,0.1483315514630163,5,24.98096531359448,25.029746559290437,25.07852780498639,0.0,0.0845428868214142,0.1787236627404697,False,False,False,False,False,False
SG-MC-10-2025062416,2025-06-24 16:00:00,MC-10,PRD-D,60.01700694853294,0.0671151627538151,5,59.9812332134637,60.03007765222271,60.07892209098171,0.0,0.0846524068613621,0.1789551881049196,False,False,False,False,False,False
SG-MC-11-2025062416,2025-06-24 16:00:00,MC-11,PRD-A,24.97741405297877,0.0239316524176267,5,24.98096531359448,25.029746559290437,25.07852780498639,0.0,0.0845428868214142,0.1787236627404697,True,False,False,False,True,False
SG-MC-11-2025062500,2025-06-25 00:00:00,MC-11,PRD-A,25.018391566929985,0.0661007852197208,5,24.98096531359448,25.029746559290437,25.07852780498639,0.0,0.0845428868214142,0.1787236627404697,False,False,False,False,False,False
SG-MC-07-2025062500,2025-06-25 00:00:00,MC-07,PRD-A,24.996118547898103,0.0806346774956914,5,24.98096531359448,25.029746559290437,25.07852780498639,0.0,0.0845428868214142,0.1787236627404697,False,True,False,False,True,False
SG-MC-03-2025062500,2025-06-25 00:00:00,MC-03,PRD-A,25.06686069377068,0.0838898694848246,5,24.98096531359448,25.029746559290437,25.07852780498639,0.0,0.0845428868214142,0.1787236627404697,False,False,False,False,False,False
SG-MC-02-2025062500,2025-06-25 00:00:00,MC-02,PRD-D,60.03398439109482,0.1361408209764505,5,59.9812332134637,60.03007765222271,60.07892209098171,0.0,0.0846524068613621,0.1789551881049196,False,False,False,False,False,False
SG-MC-10-2025062500,2025-06-25 00:00:00,MC-10,PRD-D,60.05265696678639,0.0963864250131436,5,59.9812332134637,60.03007765222271,60.07892209098171,0.0,0.0846524068613621,0.1789551881049196,False,False,False,False,False,False
SG-MC-08-2025062500,2025-06-25 00:00:00,MC-08,PRD-B,80.01062184301246,0.0485561641344958,5,79.98133298727322,80.02998001088412,80.07862703449501,0.0,0.0843102662233807,0.1782319027962268,False,False,False,False,False,False
SG-MC-12-2025062500,2025-06-25 00:00:00,MC-12,PRD-B,80.01081026011701,0.0229112066249541,5,79.98133298727322,80.02998001088412,80.07862703449501,0.0,0.0843102662233807,0.1782319027962268,False,False,False,False,False,False
SG-MC-04-2025062500,2025-06-25 00:00:00,MC-04,PRD-B,80.03600312819907,0.0450971759428711,5,79.98133298727322,80.02998001088412,80.07862703449501,0.0,0.0843102662233807,0.1782319027962268,False,False,False,False,False,False
SG-MC-01-2025062500,2025-06-25 00:00:00,MC-01,PRD-C,41.99625920004038,0.1298453619972122,5,41.98128274145005,42.03038150785648,42.0794802742629,0.0,0.0850931826801104,0.1798869881857533,False,True,False,False,True,False
SG-MC-09-2025062500,2025-06-25 00:00:00,MC-09,PRD-C,42.04216649943969,0.0752305039087488,5,41.98128274145005,42.03038150785648,42.0794802742629,0.0,0.0850931826801104,0.1798869881857533,False,False,False,False,False,False
SG-MC-05-2025062500,2025-06-25 00:00:00,MC-05,PRD-C,42.06759417376738,0.0743395054898599,5,41.98128274145005,42.03038150785648,42.0794802742629,0.0,0.0850931826801104,0.1798869881857533,False,False,False,False,False,False
SG-MC-06-2025062500,2025-06-25 00:00:00,MC-06,PRD-D,60.02394037590437,0.0255946521291434,5,59.9812332134637,60.03007765222271,60.07892209098171,0.0,0.0846524068613621,0.1789551881049196,False,False,False,False,False,False
SG-MC-10-2025062508,2025-06-25 08:00:00,MC-10,PRD-D,60.06176872421612,0.12086150115082,5,59.9812332134637,60.03007765222271,60.07892209098171,0.0,0.0846524068613621,0.1789551881049196,False,False,False,False,False,False
SG-MC-06-2025062508,2025-06-25 08:00:00,MC-06,PRD-D,60.02208892152248,0.1291593172718848,5,59.9812332134637,60.03007765222271,60.07892209098171,0.0,0.0846524068613621,0.1789551881049196,False,False,False,False,False,False
SG-MC-01-2025062508,2025-06-25 08:00:00,MC-01,PRD-C,41.99667582450042,0.0899829721321125,5,41.98128274145005,42.03038150785648,42.0794802742629,0.0,0.0850931826801104,0.1798869881857533,False,False,False,False,False,False
SG-MC-08-2025062508,2025-06-25 08:00:00,MC-08,PRD-B,80.01940507762397,0.0487427745268433,5,79.98133298727322,80.02998001088412,80.07862703449501,0.0,0.0843102662233807,0.1782319027962268,False,False,False,False,False,False
SG-MC-02-2025062508,2025-06-25 08:00:00,MC-02,PRD-D,60.02376200584068,0.1112796405001859,5,59.9812332134637,60.03007765222271,60.07892209098171,0.0,0.0846524068613621,0.1789551881049196,False,False,False,False,False,False
SG-MC-04-2025062508,2025-06-25 08:00:00,MC-04,PRD-B,80.04063049672419,0.0793776270988502,5,79.98133298727322,80.02998001088412,80.07862703449501,0.0,0.0843102662233807,0.1782319027962268,False,False,False,False,False,False
SG-MC-12-2025062508,2025-06-25 08:00:00,MC-12,PRD-B,80.01876657480891,0.1144242094726735,5,79.98133298727322,80.02998001088412,80.07862703449501,0.0,0.0843102662233807,0.1782319027962268,False,False,False,False,False,False
SG-MC-05-2025062508,2025-06-25 08:00:00,MC-05,PRD-C,42.06121560542493,0.1065181276676554,5,41.98128274145005,42.03038150785648,42.0794802742629,0.0,0.0850931826801104,0.1798869881857533,False,False,False,False,False,False
SG-MC-09-2025062508,2025-06-25 08:00:00,MC-09,PRD-C,42.01196748039278,0.0976490735071919,5,41.98128274145005,42.03038150785648,42.0794802742629,0.0,0.0850931826801104,0.1798869881857533,False,False,False,False,False,False
SG-MC-07-2025062508,2025-06-25 08:00:00,MC-07,PRD-A,25.020581224309375,0.0687625244107081,5,24.98096531359448,25.029746559290437,25.07852780498639,0.0,0.0845428868214142,0.1787236627404697,False,False,False,False,False,False
SG-MC-11-2025062508,2025-06-25 08:00:00,MC-11,PRD-A,25.0120682890302,0.0670681762439144,5,24.98096531359448,25.029746559290437,25.07852780498639,0.0,0.0845428868214142,0.1787236627404697,False,False,False,False,False,False
SG-MC-03-2025062508,2025-06-25 08:00:00,MC-03,PRD-A,25.044413119362066,0.0742441012376033,5,24.98096531359448,25.029746559290437,25.07852780498639,0.0,0.0845428868214142,0.1787236627404697,False,False,False,False,False,False
SG-MC-08-2025062516,2025-06-25 16:00:00,MC-08,PRD-B,80.01471526368375,0.0804674200659008,5,79.98133298727322,80.02998001088412,80.07862703449501,0.0,0.0843102662233807,0.1782319027962268,False,False,False,False,False,False
SG-MC-02-2025062516,2025-06-25 16:00:00,MC-02,PRD-D,60.0147770636044,0.0785328295257059,5,59.9812332134637,60.03007765222271,60.07892209098171,0.0,0.0846524068613621,0.1789551881049196,False,False,False,False,False,False
SG-MC-04-2025062516,2025-06-25 16:00:00,MC-04,PRD-B,80.03170931238675,0.1127412328538781,5,79.98133298727322,80.02998001088412,80.07862703449501,0.0,0.0843102662233807,0.1782319027962268,False,False,False,False,False,False
SG-MC-09-2025062516,2025-06-25 16:00:00,MC-09,PRD-C,42.072408386058925,0.0729391868236604,5,41.98128274145005,42.03038150785648,42.0794802742629,0.0,0.0850931826801104,0.1798869881857533,False,False,False,False,False,False
SG-MC-01-2025062516,2025-06-25 16:00:00,MC-01,PRD-C,42.038407884871205,0.1032174104162209,5,41.98128274145005,42.03038150785648,42.0794802742629,0.0,0.0850931826801104,0.1798869881857533,False,False,False,False,False,False
SG-MC-05-2025062516,2025-06-25 16:00:00,MC-05,PRD-C,42.055651495759946,0.0562205212761242,5,41.98128274145005,42.03038150785648,42.0794802742629,0.0,0.0850931826801104,0.1798869881857533,False,False,False,False,False,False
SG-MC-10-2025062516,2025-06-25 16:00:00,MC-10,PRD-D,60.05509692151391,0.061568267670907,5,59.9812332134637,60.03007765222271,60.07892209098171,0.0,0.0846524068613621,0.1789551881049196,False,False,False,False,False,False
SG-MC-12-2025062516,2025-06-25 16:00:00,MC-12,PRD-B,79.99698153530626,0.0767639585243813,5,79.98133298727322,80.02998001088412,80.07862703449501,0.0,0.0843102662233807,0.1782319027962268,False,False,False,False,False,False
SG-MC-06-2025062516,2025-06-25 16:00:00,MC-06,PRD-D,60.04646992747509,0.0790915632857363,5,59.9812332134637,60.03007765222271,60.07892209098171,0.0,0.0846524068613621,0.1789551881049196,False,False,False,False,False,False
SG-MC-03-2025062516,2025-06-25 16:00:00,MC-03,PRD-A,25.05165126343786,0.1814651377282565,5,24.98096531359448,25.029746559290437,25.07852780498639,0.0,0.0845428868214142,0.1787236627404697,False,False,False,False,False,True
SG-MC-07-2025062516,2025-06-25 16:00:00,MC-07,PRD-A,25.01972235889377,0.0739306329297164,5,24.98096531359448,25.029746559290437,25.07852780498639,0.0,0.0845428868214142,0.1787236627404697,False,False,False,False,False,False
SG-MC-11-2025062516,2025-06-25 16:00:00,MC-11,PRD-A,24.97548695305239,0.0925432571045554,5,24.98096531359448,25.029746559290437,25.07852780498639,0.0,0.0845428868214142,0.1787236627404697,True,False,False,False,True,False
SG-MC-11-2025062600,2025-06-26 00:00:00,MC-11,PRD-B,80.01720371207043,0.1021308003943204,5,79.98133298727322,80.02998001088412,80.07862703449501,0.0,0.0843102662233807,0.1782319027962268,False,False,False,False,False,False
SG-MC-07-2025062600,2025-06-26 00:00:00,MC-07,PRD-B,79.98534702009127,0.0502853536158767,5,79.98133298727322,80.02998001088412,80.07862703449501,0.0,0.0843102662233807,0.1782319027962268,False,False,False,False,False,False
SG-MC-03-2025062600,2025-06-26 00:00:00,MC-03,PRD-B,80.07631643031718,0.1196555740766598,5,79.98133298727322,80.02998001088412,80.07862703449501,0.0,0.0843102662233807,0.1782319027962268,False,False,False,False,False,False
SG-MC-01-2025062600,2025-06-26 00:00:00,MC-01,PRD-D,60.03885218629608,0.0646395700393895,5,59.9812332134637,60.03007765222271,60.07892209098171,0.0,0.0846524068613621,0.1789551881049196,False,False,False,False,False,False
SG-MC-09-2025062600,2025-06-26 00:00:00,MC-09,PRD-D,60.027495742781255,0.0509743123596422,5,59.9812332134637,60.03007765222271,60.07892209098171,0.0,0.0846524068613621,0.1789551881049196,False,False,False,False,False,False
SG-MC-05-2025062600,2025-06-26 00:00:00,MC-05,PRD-D,60.07488051547672,0.0398016485603065,5,59.9812332134637,60.03007765222271,60.07892209098171,0.0,0.0846524068613621,0.1789551881049196,False,False,False,False,False,False
SG-MC-08-2025062600,2025-06-26 00:00:00,MC-08,PRD-C,42.02190395263067,0.0476930360058105,5,41.98128274145005,42.03038150785648,42.0794802742629,0.0,0.0850931826801104,0.1798869881857533,False,False,False,False,False,False
SG-MC-12-2025062600,2025-06-26 00:00:00,MC-12,PRD-C,42.05919686741437,0.0910782550102382,5,41.98128274145005,42.03038150785648,42.0794802742629,0.0,0.0850931826801104,0.1798869881857533,False,False,False,False,False,False
SG-MC-04-2025062600,2025-06-26 00:00:00,MC-04,PRD-C,42.05098307200198,0.1021711198229979,5,41.98128274145005,42.03038150785648,42.0794802742629,0.0,0.0850931826801104,0.1798869881857533,False,False,False,False,False,False
SG-MC-06-2025062600,2025-06-26 00:00:00,MC-06,PRD-A,25.01959343320791,0.0792879337235987,5,24.98096531359448,25.029746559290437,25.07852780498639,0.0,0.0845428868214142,0.1787236627404697,False,False,False,False,False,False
SG-MC-02-2025062600,2025-06-26 00:00:00,MC-02,PRD-A,25.014094215272912,0.1304566704599636,5,24.98096531359448,25.029746559290437,25.07852780498639,0.0,0.0845428868214142,0.1787236627404697,False,False,False,False,False,False
SG-MC-10-2025062600,2025-06-26 00:00:00,MC-10,PRD-A,25.07545151523373,0.0596429222059065,5,24.98096531359448,25.029746559290437,25.07852780498639,0.0,0.0845428868214142,0.1787236627404697,False,False,False,False,False,False
SG-MC-01-2025062608,2025-06-26 08:00:00,MC-01,PRD-D,60.03057788142464,0.097385201134621,5,59.9812332134637,60.03007765222271,60.07892209098171,0.0,0.0846524068613621,0.1789551881049196,False,False,False,False,False,False
SG-MC-09-2025062608,2025-06-26 08:00:00,MC-09,PRD-D,60.03526453507613,0.105089905404391,5,59.9812332134637,60.03007765222271,60.07892209098171,0.0,0.0846524068613621,0.1789551881049196,False,False,False,False,False,False
SG-MC-11-2025062608,2025-06-26 08:00:00,MC-11,PRD-B,79.97118227425078,0.100677157718934,5,79.98133298727322,80.02998001088412,80.07862703449501,0.0,0.0843102662233807,0.1782319027962268,True,True,False,False,True,False
SG-MC-02-2025062608,2025-06-26 08:00:00,MC-02,PRD-A,25.0587338230169,0.1090734381655593,5,24.98096531359448,25.029746559290437,25.07852780498639,0.0,0.0845428868214142,0.1787236627404697,False,False,False,False,False,False
SG-MC-06-2025062608,2025-06-26 08:00:00,MC-06,PRD-A,25.01149166541783,0.1290299727587545,5,24.98096531359448,25.029746559290437,25.07852780498639,0.0,0.0845428868214142,0.1787236627404697,False,False,False,False,False,False
SG-MC-10-2025062608,2025-06-26 08:00:00,MC-10,PRD-A,25.037861966258244,0.0429157415809022,5,24.98096531359448,25.029746559290437,25.07852780498639,0.0,0.0845428868214142,0.1787236627404697,False,False,False,False,False,False
SG-MC-08-2025062608,2025-06-26 08:00:00,MC-08,PRD-C,42.06462165458529,0.0891536879882295,5,41.98128274145005,42.03038150785648,42.0794802742629,0.0,0.0850931826801104,0.1798869881857533,False,False,True,False,True,False
SG-MC-04-2025062608,2025-06-26 08:00:00,MC-04,PRD-C,42.02631323183259,0.0958148515625296,5,41.98128274145005,42.03038150785648,42.0794802742629,0.0,0.0850931826801104,0.1798869881857533,False,False,False,False,False,False
SG-MC-03-2025062608,2025-06-26 08:00:00,MC-03,PRD-B,80.0124510373311,0.0677244986867151,5,79.98133298727322,80.02998001088412,80.07862703449501,0.0,0.0843102662233807,0.1782319027962268,False,False,False,False,False,False
SG-MC-07-2025062608,2025-06-26 08:00:00,MC-07,PRD-B,79.98898657698817,0.1114406663941878,5,79.98133298727322,80.02998001088412,80.07862703449501,0.0,0.0843102662233807,0.1782319027962268,False,True,True,False,True,False
SG-MC-12-2025062608,2025-06-26 08:00:00,MC-12,PRD-C,42.03108054686341,0.0883835085497821,5,41.98128274145005,42.03038150785648,42.0794802742629,0.0,0.0850931826801104,0.1798869881857533,False,False,False,False,False,False
SG-MC-05-2025062608,2025-06-26 08:00:00,MC-05,PRD-D,60.0389000042382,0.1724553429188091,5,59.9812332134637,60.03007765222271,60.07892209098171,0.0,0.0846524068613621,0.1789551881049196,False,False,False,False,False,False
SG-MC-11-2025062616,2025-06-26 16:00:00,MC-11,PRD-B,79.99127796787722,0.1239572334769718,5,79.98133298727322,80.02998001088412,80.07862703449501,0.0,0.0843102662233807,0.1782319027962268,False,True,True,False,True,False
SG-MC-06-2025062616,2025-06-26 16:00:00,MC-06,PRD-A,25.029667513097387,0.0951940769014108,5,24.98096531359448,25.029746559290437,25.07852780498639,0.0,0.0845428868214142,0.1787236627404697,False,False,False,False,False,False
SG-MC-03-2025062616,2025-06-26 16:00:00,MC-03,PRD-B,80.02499519834839,0.1052558515109325,5,79.98133298727322,80.02998001088412,80.07862703449501,0.0,0.0843102662233807,0.1782319027962268,False,True,True,False,True,False
SG-MC-05-2025062616,2025-06-26 16:00:00,MC-05,PRD-D,60.07641864979125,0.0305417135421066,5,59.9812332134637,60.03007765222271,60.07892209098171,0.0,0.0846524068613621,0.1789551881049196,False,True,False,False,True,False
SG-MC-01-2025062616,2025-06-26 16:00:00,MC-01,PRD-D,60.01442716260848,0.0616592782575935,5,59.9812332134637,60.03007765222271,60.07892209098171,0.0,0.0846524068613621,0.1789551881049196,False,False,False,False,False,False
SG-MC-07-2025062616,2025-06-26 16:00:00,MC-07,PRD-B,80.0411015258123,0.0844626510006492,5,79.98133298727322,80.02998001088412,80.07862703449501,0.0,0.0843102662233807,0.1782319027962268,False,False,False,False,False,False
SG-MC-08-2025062616,2025-06-26 16:00:00,MC-08,PRD-C,42.051472025874354,0.1528408679862138,5,41.98128274145005,42.03038150785648,42.0794802742629,0.0,0.0850931826801104,0.1798869881857533,False,False,False,False,False,False
SG-MC-12-2025062616,2025-06-26 16:00:00,MC-12,PRD-C,42.01793127919071,0.0447011996045745,5,41.98128274145005,42.03038150785648,42.0794802742629,0.0,0.0850931826801104,0.1798869881857533,False,False,False,False,False,False
SG-MC-04-2025062616,2025-06-26 16:00:00,MC-04,PRD-C,42.05290790077113,0.1294014632403772,5,41.98128274145005,42.03038150785648,42.0794802742629,0.0,0.0850931826801104,0.1798869881857533,False,False,False,False,False,False
SG-MC-02-2025062616,2025-06-26 16:00:00,MC-02,PRD-A,25.00650286278416,0.0539785141002724,5,24.98096531359448,25.029746559290437,25.07852780498639,0.0,0.0845428868214142,0.1787236627404697,False,False,False,False,False,False
SG-MC-10-2025062616,2025-06-26 16:00:00,MC-10,PRD-A,25.047275146652357,0.1146800780724923,5,24.98096531359448,25.029746559290437,25.07852780498639,0.0,0.0845428868214142,0.1787236627404697,False,False,False,False,False,False
SG-MC-09-2025062616,2025-06-26 16:00:00,MC-09,PRD-D,60.06555192264011,0.1234943680273801,5,59.9812332134637,60.03007765222271,60.07892209098171,0.0,0.0846524068613621,0.1789551881049196,False,False,False,False,False,False
SG-MC-07-2025062700,2025-06-27 00:00:00,MC-07,PRD-B,79.9927230815185,0.0828239569208051,5,79.98133298727322,80.02998001088412,80.07862703449501,0.0,0.0843102662233807,0.1782319027962268,False,False,False,False,False,False
SG-MC-11-2025062700,2025-06-27 00:00:00,MC-11,PRD-B,79.9981682263574,0.0893461172413054,5,79.98133298727322,80.02998001088412,80.07862703449501,0.0,0.0843102662233807,0.1782319027962268,False,False,False,False,False,False
SG-MC-03-2025062700,2025-06-27 00:00:00,MC-03,PRD-B,80.01254273679942,0.0617483790994839,5,79.98133298727322,80.02998001088412,80.07862703449501,0.0,0.0843102662233807,0.1782319027962268,False,False,False,False,False,False
SG-MC-04-2025062700,2025-06-27 00:00:00,MC-04,PRD-C,42.05312491948943,0.056088864928121,5,41.98128274145005,42.03038150785648,42.0794802742629,0.0,0.0850931826801104,0.1798869881857533,False,False,False,False,False,False
SG-MC-06-2025062700,2025-06-27 00:00:00,MC-06,PRD-A,25.034354012341147,0.0911866708140785,5,24.98096531359448,25.029746559290437,25.07852780498639,0.0,0.0845428868214142,0.1787236627404697,False,False,False,False,False,False
SG-MC-02-2025062700,2025-06-27 00:00:00,MC-02,PRD-A,25.004619753516792,0.0547570542349582,5,24.98096531359448,25.029746559290437,25.07852780498639,0.0,0.0845428868214142,0.1787236627404697,False,False,False,False,False,False
SG-MC-01-2025062700,2025-06-27 00:00:00,MC-01,PRD-D,59.99969988841425,0.0354988187139468,5,59.9812332134637,60.03007765222271,60.07892209098171,0.0,0.0846524068613621,0.1789551881049196,False,False,False,False,False,False
SG-MC-05-2025062700,2025-06-27 00:00:00,MC-05,PRD-D,60.05841875309469,0.1252997071935482,5,59.9812332134637,60.03007765222271,60.07892209098171,0.0,0.0846524068613621,0.1789551881049196,False,False,False,False,False,False
SG-MC-08-2025062700,2025-06-27 00:00:00,MC-08,PRD-C,42.042763357961256,0.0476175618455627,5,41.98128274145005,42.03038150785648,42.0794802742629,0.0,0.0850931826801104,0.1798869881857533,False,False,False,False,False,False
SG-MC-12-2025062700,2025-06-27 00:00:00,MC-12,PRD-C,42.00300947489785,0.1273766092009509,5,41.98128274145005,42.03038150785648,42.0794802742629,0.0,0.0850931826801104,0.1798869881857533,False,False,False,False,False,False
SG-MC-10-2025062700,2025-06-27 00:00:00,MC-10,PRD-A,25.050838227615497,0.0650857436554481,5,24.98096531359448,25.029746559290437,25.07852780498639,0.0,0.0845428868214142,0.1787236627404697,False,False,False,False,False,False
SG-MC-09-2025062700,2025-06-27 00:00:00,MC-09,PRD-D,60.04168130792135,0.0292730443612754,5,59.9812332134637,60.03007765222271,60.07892209098171,0.0,0.0846524068613621,0.1789551881049196,False,False,False,False,False,False
SG-MC-07-2025062708,2025-06-27 08:00:00,MC-07,PRD-B,80.02528699252068,0.1180786218136802,5,79.98133298727322,80.02998001088412,80.07862703449501,0.0,0.0843102662233807,0.1782319027962268,False,False,False,False,False,False
SG-MC-11-2025062708,2025-06-27 08:00:00,MC-11,PRD-B,79.99998964208399,0.0978631074279405,5,79.98133298727322,80.02998001088412,80.07862703449501,0.0,0.0843102662233807,0.1782319027962268,False,False,True,False,True,False
SG-MC-03-2025062708,2025-06-27 08:00:00,MC-03,PRD-B,80.0258281342344,0.0371988953217652,5,79.98133298727322,80.02998001088412,80.07862703449501,0.0,0.0843102662233807,0.1782319027962268,False,False,False,False,False,False
SG-MC-02-2025062708,2025-06-27 08:00:00,MC-02,PRD-A,25.018441643707952,0.0776404303435569,5,24.98096531359448,25.029746559290437,25.07852780498639,0.0,0.0845428868214142,0.1787236627404697,False,False,False,False,False,False
SG-MC-06-2025062708,2025-06-27 08:00:00,MC-06,PRD-A,25.02048979003013,0.0628191372180566,5,24.98096531359448,25.029746559290437,25.07852780498639,0.0,0.0845428868214142,0.1787236627404697,False,False,False,False,False,False
SG-MC-08-2025062708,2025-06-27 08:00:00,MC-08,PRD-C,42.03514918968762,0.1467576418669622,5,41.98128274145005,42.03038150785648,42.0794802742629,0.0,0.0850931826801104,0.1798869881857533,False,False,False,False,False,False
SG-MC-12-2025062708,2025-06-27 08:00:00,MC-12,PRD-C,42.02573954269998,0.0895519324250813,5,41.98128274145005,42.03038150785648,42.0794802742629,0.0,0.0850931826801104,0.1798869881857533,False,False,False,False,False,False
SG-MC-05-2025062708,2025-06-27 08:00:00,MC-05,PRD-D,60.03275178836761,0.1040090995765865,5,59.9812332134637,60.03007765222271,60.07892209098171,0.0,0.0846524068613621,0.1789551881049196,False,False,False,False,False,False
SG-MC-09-2025062708,2025-06-27 08:00:00,MC-09,PRD-D,60.07752104418313,0.1266339269920706,5,59.9812332134637,60.03007765222271,60.07892209098171,0.0,0.0846524068613621,0.1789551881049196,False,False,False,False,False,False
SG-MC-01-2025062708,2025-06-27 08:00:00,MC-01,PRD-D,60.0018890236464,0.0937931954672564,5,59.9812332134637,60.03007765222271,60.07892209098171,0.0,0.0846524068613621,0.1789551881049196,False,False,False,False,False,False
SG-MC-04-2025062708,2025-06-27 08:00:00,MC-04,PRD-C,42.039829957450905,0.1190674351982181,5,41.98128274145005,42.03038150785648,42.0794802742629,0.0,0.0850931826801104,0.1798869881857533,False,False,False,False,False,False
SG-MC-10-2025062708,2025-06-27 08:00:00,MC-10,PRD-A,25.043857484863395,0.0543542614377265,5,24.98096531359448,25.029746559290437,25.07852780498639,0.0,0.0845428868214142,0.1787236627404697,False,False,False,False,False,False
SG-MC-12-2025062716,2025-06-27 16:00:00,MC-12,PRD-C,42.028701495713015,0.0941968539982269,5,41.98128274145005,42.03038150785648,42.0794802742629,0.0,0.0850931826801104,0.1798869881857533,False,False,False,False,False,False
SG-MC-08-2025062716,2025-06-27 16:00:00,MC-08,PRD-C,42.01887547994746,0.0242381654526226,5,41.98128274145005,42.03038150785648,42.0794802742629,0.0,0.0850931826801104,0.1798869881857533,False,False,False,False,False,False
SG-MC-04-2025062716,2025-06-27 16:00:00,MC-04,PRD-C,42.06326562366381,0.0967337325378565,5,41.98128274145005,42.03038150785648,42.0794802742629,0.0,0.0850931826801104,0.1798869881857533,False,False,False,False,False,False
SG-MC-01-2025062716,2025-06-27 16:00:00,MC-01,PRD-D,59.99569515968318,0.0548980756495183,5,59.9812332134637,60.03007765222271,60.07892209098171,0.0,0.0846524068613621,0.1789551881049196,False,False,False,False,False,False
SG-MC-09-2025062716,2025-06-27 16:00:00,MC-09,PRD-D,60.03657692989786,0.1545721288478816,5,59.9812332134637,60.03007765222271,60.07892209098171,0.0,0.0846524068613621,0.1789551881049196,False,False,False,False,False,False
SG-MC-02-2025062716,2025-06-27 16:00:00,MC-02,PRD-A,25.04571945097708,0.0805428561900249,5,24.98096531359448,25.029746559290437,25.07852780498639,0.0,0.0845428868214142,0.1787236627404697,False,False,False,False,False,False
SG-MC-06-2025062716,2025-06-27 16:00:00,MC-06,PRD-A,25.00260152784839,0.1011915044072289,5,24.98096531359448,25.029746559290437,25.07852780498639,0.0,0.0845428868214142,0.1787236627404697,False,False,False,False,False,False
SG-MC-10-2025062716,2025-06-27 16:00:00,MC-10,PRD-A,25.05769902031029,0.0434974623924269,5,24.98096531359448,25.029746559290437,25.07852780498639,0.0,0.0845428868214142,0.1787236627404697,False,False,False,False,False,False
SG-MC-03-2025062716,2025-06-27 16:00:00,MC-03,PRD-B,80.02998499847682,0.0872409721007017,5,79.98133298727322,80.02998001088412,80.07862703449501,0.0,0.0843102662233807,0.1782319027962268,False,False,False,False,False,False
SG-MC-07-2025062716,2025-06-27 16:00:00,MC-07,PRD-B,80.03055584828158,0.1356226935254483,5,79.98133298727322,80.02998001088412,80.07862703449501,0.0,0.0843102662233807,0.1782319027962268,False,False,False,False,False,False
SG-MC-11-2025062716,2025-06-27 16:00:00,MC-11,PRD-B,79.9928763699439,0.0979006229195817,5,79.98133298727322,80.02998001088412,80.07862703449501,0.0,0.0843102662233807,0.1782319027962268,False,False,False,False,False,False
SG-MC-05-2025062716,2025-06-27 16:00:00,MC-05,PRD-D,60.037593283329365,0.1032783213300447,5,59.9812332134637,60.03007765222271,60.07892209098171,0.0,0.0846524068613621,0.1789551881049196,False,False,False,False,False,False
SG-MC-12-2025062800,2025-06-28 00:00:00,MC-12,PRD-D,60.03887594236095,0.1233535050565564,5,59.9812332134637,60.03007765222271,60.07892209098171,0.0,0.0846524068613621,0.1789551881049196,False,False,False,False,False,False
SG-MC-01-2025062800,2025-06-28 00:00:00,MC-01,PRD-A,25.01831157326526,0.0733843880498064,5,24.98096531359448,25.029746559290437,25.07852780498639,0.0,0.0845428868214142,0.1787236627404697,False,False,False,False,False,False
SG-MC-09-2025062800,2025-06-28 00:00:00,MC-09,PRD-A,25.01082313805116,0.0850228451737002,5,24.98096531359448,25.029746559290437,25.07852780498639,0.0,0.0845428868214142,0.1787236627404697,False,False,False,False,False,False
SG-MC-05-2025062800,2025-06-28 00:00:00,MC-05,PRD-A,25.05424139899824,0.0694154659276549,5,24.98096531359448,25.029746559290437,25.07852780498639,0.0,0.0845428868214142,0.1787236627404697,False,False,False,False,False,False
SG-MC-06-2025062800,2025-06-28 00:00:00,MC-06,PRD-B,79.99656390042871,0.0637562805129476,5,79.98133298727322,80.02998001088412,80.07862703449501,0.0,0.0843102662233807,0.1782319027962268,False,True,False,False,True,False
SG-MC-02-2025062800,2025-06-28 00:00:00,MC-02,PRD-B,80.04511532221426,0.071681875737056,5,79.98133298727322,80.02998001088412,80.07862703449501,0.0,0.0843102662233807,0.1782319027962268,False,False,False,False,False,False
SG-MC-03-2025062800,2025-06-28 00:00:00,MC-03,PRD-C,42.02011099044379,0.1291199531001794,5,41.98128274145005,42.03038150785648,42.0794802742629,0.0,0.0850931826801104,0.1798869881857533,False,False,False,False,False,False
SG-MC-11-2025062800,2025-06-28 00:00:00,MC-11,PRD-C,42.02992696310295,0.1187400319229254,5,41.98128274145005,42.03038150785648,42.0794802742629,0.0,0.0850931826801104,0.1798869881857533,False,False,False,False,False,False
SG-MC-07-2025062800,2025-06-28 00:00:00,MC-07,PRD-C,42.04970478233089,0.1140590324294947,5,41.98128274145005,42.03038150785648,42.0794802742629,0.0,0.0850931826801104,0.1798869881857533,False,False,False,False,False,False
SG-MC-08-2025062800,2025-06-28 00:00:00,MC-08,PRD-D,60.03298866437035,0.1191192295080085,5,59.9812332134637,60.03007765222271,60.07892209098171,0.0,0.0846524068613621,0.1789551881049196,False,False,False,False,False,False
SG-MC-04-2025062800,2025-06-28 00:00:00,MC-04,PRD-D,60.05385782496446,0.0643912426061348,5,59.9812332134637,60.03007765222271,60.07892209098171,0.0,0.0846524068613621,0.1789551881049196,False,False,False,False,False,False
SG-MC-10-2025062800,2025-06-28 00:00:00,MC-10,PRD-B,80.04221372392995,0.0675235358493751,5,79.98133298727322,80.02998001088412,80.07862703449501,0.0,0.0843102662233807,0.1782319027962268,False,True,False,False,True,False
SG-MC-03-2025062808,2025-06-28 08:00:00,MC-03,PRD-C,42.02119424897949,0.1094914745629651,5,41.98128274145005,42.03038150785648,42.0794802742629,0.0,0.0850931826801104,0.1798869881857533,False,False,False,False,False,False
SG-MC-11-2025062808,2025-06-28 08:00:00,MC-11,PRD-C,42.03462562335847,0.0646481369756841,5,41.98128274145005,42.03038150785648,42.0794802742629,0.0,0.0850931826801104,0.1798869881857533,False,False,False,False,False,False
SG-MC-07-2025062808,2025-06-28 08:00:00,MC-07,PRD-C,42.02591188006711,0.1153484787058047,5,41.98128274145005,42.03038150785648,42.0794802742629,0.0,0.0850931826801104,0.1798869881857533,False,False,False,False,False,False
SG-MC-01-2025062808,2025-06-28 08:00:00,MC-01,PRD-A,25.003498366979997,0.054078194244262,5,24.98096531359448,25.029746559290437,25.07852780498639,0.0,0.0845428868214142,0.1787236627404697,False,False,False,False,False,False
SG-MC-09-2025062808,2025-06-28 08:00:00,MC-09,PRD-A,25.005267534358737,0.0517094758718776,5,24.98096531359448,25.029746559290437,25.07852780498639,0.0,0.0845428868214142,0.1787236627404697,False,False,False,False,False,False
SG-MC-05-2025062808,2025-06-28 08:00:00,MC-05,PRD-A,25.05663957271448,0.0662980761351264,5,24.98096531359448,25.029746559290437,25.07852780498639,0.0,0.0845428868214142,0.1787236627404697,False,False,False,False,False,False
SG-MC-02-2025062808,2025-06-28 08:00:00,MC-02,PRD-B,79.99302579168001,0.0504187724009455,5,79.98133298727322,80.02998001088412,80.07862703449501,0.0,0.0843102662233807,0.1782319027962268,False,False,False,False,False,False
SG-MC-06-2025062808,2025-06-28 08:00:00,MC-06,PRD-B,79.98140365628487,0.0438823668116015,5,79.98133298727322,80.02998001088412,80.07862703449501,0.0,0.0843102662233807,0.1782319027962268,False,True,False,False,True,False
SG-MC-10-2025062808,2025-06-28 08:00:00,MC-10,PRD-B,80.01410455148422,0.0532804980596353,5,79.98133298727322,80.02998001088412,80.07862703449501,0.0,0.0843102662233807,0.1782319027962268,False,True,False,False,True,False
SG-MC-12-2025062808,2025-06-28 08:00:00,MC-12,PRD-D,60.02775793443182,0.046845428017356,5,59.9812332134637,60.03007765222271,60.07892209098171,0.0,0.0846524068613621,0.1789551881049196,False,False,False,False,False,False
SG-MC-04-2025062808,2025-06-28 08:00:00,MC-04,PRD-D,60.05343157956027,0.0835759695903703,5,59.9812332134637,60.03007765222271,60.07892209098171,0.0,0.0846524068613621,0.1789551881049196,False,False,False,False,False,False
SG-MC-08-2025062808,2025-06-28 08:00:00,MC-08,PRD-D,60.00986870893284,0.0538073754780583,5,59.9812332134637,60.03007765222271,60.07892209098171,0.0,0.0846524068613621,0.1789551881049196,False,False,False,False,False,False
SG-MC-06-2025062816,2025-06-28 16:00:00,MC-06,PRD-B,79.99561196353655,0.0945711942095641,5,79.98133298727322,80.02998001088412,80.07862703449501,0.0,0.0843102662233807,0.1782319027962268,False,False,False,False,False,False
SG-MC-04-2025062816,2025-06-28 16:00:00,MC-04,PRD-D,60.03044444538818,0.0689193268636003,5,59.9812332134637,60.03007765222271,60.07892209098171,0.0,0.0846524068613621,0.1789551881049196,False,False,False,False,False,False
SG-MC-03-2025062816,2025-06-28 16:00:00,MC-03,PRD-C,42.05239660133596,0.0195242159801551,5,41.98128274145005,42.03038150785648,42.0794802742629,0.0,0.0850931826801104,0.1798869881857533,False,False,False,False,False,False
SG-MC-12-2025062816,2025-06-28 16:00:00,MC-12,PRD-D,60.0057120684413,0.0591343365047833,5,59.9812332134637,60.03007765222271,60.07892209098171,0.0,0.0846524068613621,0.1789551881049196,False,False,False,False,False,False
SG-MC-08-2025062816,2025-06-28 16:00:00,MC-08,PRD-D,60.02668370935472,0.0749943116657334,5,59.9812332134637,60.03007765222271,60.07892209098171,0.0,0.0846524068613621,0.1789551881049196,False,False,False,False,False,False
SG-MC-07-2025062816,2025-06-28 16:00:00,MC-07,PRD-C,42.014811325778375,0.0964072746125452,5,41.98128274145005,42.03038150785648,42.0794802742629,0.0,0.0850931826801104,0.1798869881857533,False,False,False,False,False,False
SG-MC-10-2025062816,2025-06-28 16:00:00,MC-10,PRD-B,80.05511629895157,0.127581575124779,5,79.98133298727322,80.02998001088412,80.07862703449501,0.0,0.0843102662233807,0.1782319027962268,False,False,False,False,False,False
SG-MC-11-2025062816,2025-06-28 16:00:00,MC-11,PRD-C,41.98116647279884,0.1208233114241466,5,41.98128274145005,42.03038150785648,42.0794802742629,0.0,0.0850931826801104,0.1798869881857533,True,False,False,False,True,False
SG-MC-01-2025062816,2025-06-28 16:00:00,MC-01,PRD-A,25.029096334476066,0.1158525464088775,5,24.98096531359448,25.029746559290437,25.07852780498639,0.0,0.0845428868214142,0.1787236627404697,False,False,False,False,False,False
SG-MC-09-2025062816,2025-06-28 16:00:00,MC-09,PRD-A,25.051757845839763,0.058157413791168,5,24.98096531359448,25.029746559290437,25.07852780498639,0.0,0.0845428868214142,0.1787236627404697,False,False,False,False,False,False
SG-MC-05-2025062816,2025-06-28 16:00:00,MC-05,PRD-A,25.06375669403792,0.0683417557529502,5,24.98096531359448,25.029746559290437,25.07852780498639,0.0,0.0845428868214142,0.1787236627404697,False,False,False,False,False,False
SG-MC-02-2025062816,2025-06-28 16:00:00,MC-02,PRD-B,80.04237252103052,0.0687087485092519,5,79.98133298727322,80.02998001088412,80.07862703449501,0.0,0.0843102662233807,0.1782319027962268,False,False,False,False,False,False
SG-MC-01-2025062900,2025-06-29 00:00:00,MC-01,PRD-A,24.99571867924918,0.1044238547741294,5,24.98096531359448,25.029746559290437,25.07852780498639,0.0,0.0845428868214142,0.1787236627404697,False,False,False,False,False,False
SG-MC-09-2025062900,2025-06-29 00:00:00,MC-09,PRD-A,25.02113823430376,0.0810128902709585,5,24.98096531359448,25.029746559290437,25.07852780498639,0.0,0.0845428868214142,0.1787236627404697,False,False,False,False,False,False
SG-MC-05-2025062900,2025-06-29 00:00:00,MC-05,PRD-A,25.09932685315717,0.0862422630351282,5,24.98096531359448,25.029746559290437,25.07852780498639,0.0,0.0845428868214142,0.1787236627404697,True,True,True,False,True,False
SG-MC-08-2025062900,2025-06-29 00:00:00,MC-08,PRD-D,60.03757045952917,0.0485990707590247,5,59.9812332134637,60.03007765222271,60.07892209098171,0.0,0.0846524068613621,0.1789551881049196,False,False,False,False,False,False
SG-MC-07-2025062900,2025-06-29 00:00:00,MC-07,PRD-C,41.97751856885289,0.0817790255300181,5,41.98128274145005,42.03038150785648,42.0794802742629,0.0,0.0850931826801104,0.1798869881857533,True,False,False,False,True,False
SG-MC-11-2025062900,2025-06-29 00:00:00,MC-11,PRD-C,42.035863231719496,0.0951216477025838,5,41.98128274145005,42.03038150785648,42.0794802742629,0.0,0.0850931826801104,0.1798869881857533,False,False,False,False,False,False
SG-MC-06-2025062900,2025-06-29 00:00:00,MC-06,PRD-B,79.9790288803668,0.0547261864029451,5,79.98133298727322,80.02998001088412,80.07862703449501,0.0,0.0843102662233807,0.1782319027962268,True,False,False,False,True,False
SG-MC-02-2025062900,2025-06-29 00:00:00,MC-02,PRD-B,80.02178145130628,0.047552421598354,5,79.98133298727322,80.02998001088412,80.07862703449501,0.0,0.0843102662233807,0.1782319027962268,False,False,False,False,False,False
SG-MC-12-2025062900,2025-06-29 00:00:00,MC-12,PRD-D,60.021900868255855,0.0665952780890535,5,59.9812332134637,60.03007765222271,60.07892209098171,0.0,0.0846524068613621,0.1789551881049196,False,False,False,False,False,False
SG-MC-04-2025062900,2025-06-29 00:00:00,MC-04,PRD-D,60.01959678271281,0.0961205582428732,5,59.9812332134637,60.03007765222271,60.07892209098171,0.0,0.0846524068613621,0.1789551881049196,False,False,False,False,False,False
SG-MC-03-2025062900,2025-06-29 00:00:00,MC-03,PRD-C,42.03849677779876,0.1321640011725406,5,41.98128274145005,42.03038150785648,42.0794802742629,0.0,0.0850931826801104,0.1798869881857533,False,False,False,False,False,False
SG-MC-10-2025062900,2025-06-29 00:00:00,MC-10,PRD-B,80.05026968923578,0.0460628499815527,5,79.98133298727322,80.02998001088412,80.07862703449501,0.0,0.0843102662233807,0.1782319027962268,False,False,False,False,False,False
SG-MC-03-2025062908,2025-06-29 08:00:00,MC-03,PRD-C,42.02624821883085,0.1704739695735497,5,41.98128274145005,42.03038150785648,42.0794802742629,0.0,0.0850931826801104,0.1798869881857533,False,False,False,False,False,False
SG-MC-11-2025062908,2025-06-29 08:00:00,MC-11,PRD-C,41.95764038509552,0.0735535894625343,5,41.98128274145005,42.03038150785648,42.0794802742629,0.0,0.0850931826801104,0.1798869881857533,True,False,False,False,True,False
SG-MC-07-2025062908,2025-06-29 08:00:00,MC-07,PRD-C,42.00924651830452,0.0295218127113798,5,41.98128274145005,42.03038150785648,42.0794802742629,0.0,0.0850931826801104,0.1798869881857533,False,False,False,False,False,False
SG-MC-05-2025062908,2025-06-29 08:00:00,MC-05,PRD-A,25.07622487794567,0.0855290926438741,5,24.98096531359448,25.029746559290437,25.07852780498639,0.0,0.0845428868214142,0.1787236627404697,False,False,False,False,False,False
SG-MC-04-2025062908,2025-06-29 08:00:00,MC-04,PRD-D,60.06940042212448,0.1122893691048005,5,59.9812332134637,60.03007765222271,60.07892209098171,0.0,0.0846524068613621,0.1789551881049196,False,False,False,False,False,False
SG-MC-10-2025062908,2025-06-29 08:00:00,MC-10,PRD-B,80.05475533355386,0.1236397734830916,5,79.98133298727322,80.02998001088412,80.07862703449501,0.0,0.0843102662233807,0.1782319027962268,False,False,False,False,False,False
SG-MC-02-2025062908,2025-06-29 08:00:00,MC-02,PRD-B,80.0082475505759,0.1187481420310234,5,79.98133298727322,80.02998001088412,80.07862703449501,0.0,0.0843102662233807,0.1782319027962268,False,False,False,False,False,False
SG-MC-12-2025062908,2025-06-29 08:00:00,MC-12,PRD-D,60.046431769216426,0.0952509652822968,5,59.9812332134637,60.03007765222271,60.07892209098171,0.0,0.0846524068613621,0.1789551881049196,False,False,False,False,False,False
SG-MC-09-2025062908,2025-06-29 08:00:00,MC-09,PRD-A,25.02191400378288,0.1094507200718659,5,24.98096531359448,25.029746559290437,25.07852780498639,0.0,0.0845428868214142,0.1787236627404697,False,False,False,False,False,False
SG-MC-01-2025062908,2025-06-29 08:00:00,MC-01,PRD-A,24.98522113027834,0.0520460643157036,5,24.98096531359448,25.029746559290437,25.07852780498639,0.0,0.0845428868214142,0.1787236627404697,False,True,False,False,True,False
SG-MC-08-2025062908,2025-06-29 08:00:00,MC-08,PRD-D,60.01647509368979,0.0744300507926425,5,59.9812332134637,60.03007765222271,60.07892209098171,0.0,0.0846524068613621,0.1789551881049196,False,False,False,False,False,False
SG-MC-06-2025062908,2025-06-29 08:00:00,MC-06,PRD-B,79.99413625285376,0.0766579321231262,5,79.98133298727322,80.02998001088412,80.07862703449501,0.0,0.0843102662233807,0.1782319027962268,False,False,False,False,False,False
SG-MC-04-2025062916,2025-06-29 16:00:00,MC-04,PRD-D,60.0240619166852,0.1056173179794583,5,59.9812332134637,60.03007765222271,60.07892209098171,0.0,0.0846524068613621,0.1789551881049196,False,False,False,False,False,False
SG-MC-12-2025062916,2025-06-29 16:00:00,MC-12,PRD-D,60.01568100821987,0.0878214561777497,5,59.9812332134637,60.03007765222271,60.07892209098171,0.0,0.0846524068613621,0.1789551881049196,False,False,False,False,False,False
SG-MC-05-2025062916,2025-06-29 16:00:00,MC-05,PRD-A,25.08233704020948,0.1349262682922933,5,24.98096531359448,25.029746559290437,25.07852780498639,0.0,0.0845428868214142,0.1787236627404697,True,True,False,False,True,False
SG-MC-01-2025062916,2025-06-29 16:00:00,MC-01,PRD-A,25.023172941660555,0.1294749700733,5,24.98096531359448,25.029746559290437,25.07852780498639,0.0,0.0845428868214142,0.1787236627404697,False,True,False,False,True,False
SG-MC-09-2025062916,2025-06-29 16:00:00,MC-09,PRD-A,25.033547543874786,0.0742890625748629,5,24.98096531359448,25.029746559290437,25.07852780498639,0.0,0.0845428868214142,0.1787236627404697,False,False,False,False,False,False
SG-MC-06-2025062916,2025-06-29 16:00:00,MC-06,PRD-B,79.99621150983728,0.0665470180409499,5,79.98133298727322,80.02998001088412,80.07862703449501,0.0,0.0843102662233807,0.1782319027962268,False,True,True,False,True,False
SG-MC-11-2025062916,2025-06-29 16:00:00,MC-11,PRD-C,41.98220990095152,0.1184065854281044,5,41.98128274145005,42.03038150785648,42.0794802742629,0.0,0.0850931826801104,0.1798869881857533,False,False,False,False,False,False
SG-MC-07-2025062916,2025-06-29 16:00:00,MC-07,PRD-C,42.03221823306272,0.0524528689394401,5,41.98128274145005,42.03038150785648,42.0794802742629,0.0,0.0850931826801104,0.1798869881857533,False,False,False,False,False,False
SG-MC-03-2025062916,2025-06-29 16:00:00,MC-03,PRD-C,42.03973471779866,0.1245417636958876,5,41.98128274145005,42.03038150785648,42.0794802742629,0.0,0.0850931826801104,0.1798869881857533,False,False,False,False,False,False
SG-MC-02-2025062916,2025-06-29 16:00:00,MC-02,PRD-B,80.04811543135945,0.108089312461189,5,79.98133298727322,80.02998001088412,80.07862703449501,0.0,0.0843102662233807,0.1782319027962268,False,True,False,False,True,False
SG-MC-10-2025062916,2025-06-29 16:00:00,MC-10,PRD-B,80.0304244433598,0.1152624578360672,5,79.98133298727322,80.02998001088412,80.07862703449501,0.0,0.0843102662233807,0.1782319027962268,False,False,False,False,False,False
SG-MC-08-2025062916,2025-06-29 16:00:00,MC-08,PRD-D,60.0242594836417,0.0724001894003834,5,59.9812332134637,60.03007765222271,60.07892209098171,0.0,0.0846524068613621,0.1789551881049196,False,False,False,False,False,False
SG-MC-04-2025063000,2025-06-30 00:00:00,MC-04,PRD-A,25.062218666065537,0.0745289530784916,5,24.98096531359448,25.029746559290437,25.07852780498639,0.0,0.0845428868214142,0.1787236627404697,False,False,False,False,False,False
SG-MC-08-2025063000,2025-06-30 00:00:00,MC-08,PRD-A,25.04514888988583,0.0953895708015082,5,24.98096531359448,25.029746559290437,25.07852780498639,0.0,0.0845428868214142,0.1787236627404697,False,False,False,False,False,False
SG-MC-12-2025063000,2025-06-30 00:00:00,MC-12,PRD-A,25.022401219821948,0.1143345996695899,5,24.98096531359448,25.029746559290437,25.07852780498639,0.0,0.0845428868214142,0.1787236627404697,False,False,False,False,False,False
SG-MC-09-2025063000,2025-06-30 00:00:00,MC-09,PRD-B,80.02749620104625,0.0980833053582728,5,79.98133298727322,80.02998001088412,80.07862703449501,0.0,0.0843102662233807,0.1782319027962268,False,False,False,False,False,False
SG-MC-01-2025063000,2025-06-30 00:00:00,MC-01,PRD-B,80.00518831973599,0.0666129515452667,5,79.98133298727322,80.02998001088412,80.07862703449501,0.0,0.0843102662233807,0.1782319027962268,False,False,False,False,False,False
SG-MC-05-2025063000,2025-06-30 00:00:00,MC-05,PRD-B,80.06454068965783,0.0810504838515697,5,79.98133298727322,80.02998001088412,80.07862703449501,0.0,0.0843102662233807,0.1782319027962268,False,False,False,False,False,False
SG-MC-07-2025063000,2025-06-30 00:00:00,MC-07,PRD-D,60.02488214973281,0.0869520016029383,5,59.9812332134637,60.03007765222271,60.07892209098171,0.0,0.0846524068613621,0.1789551881049196,False,False,False,False,False,False
SG-MC-03-2025063000,2025-06-30 00:00:00,MC-03,PRD-D,60.049654195529605,0.0148658658994804,5,59.9812332134637,60.03007765222271,60.07892209098171,0.0,0.0846524068613621,0.1789551881049196,False,False,False,False,False,False
SG-MC-11-2025063000,2025-06-30 00:00:00,MC-11,PRD-D,60.01335028950008,0.0958640356904041,5,59.9812332134637,60.03007765222271,60.07892209098171,0.0,0.0846524068613621,0.1789551881049196,False,False,False,False,False,False
SG-MC-02-2025063000,2025-06-30 00:00:00,MC-02,PRD-C,42.01230379035475,0.0920372041440629,5,41.98128274145005,42.03038150785648,42.0794802742629,0.0,0.0850931826801104,0.1798869881857533,False,False,False,False,False,False
SG-MC-06-2025063000,2025-06-30 00:00:00,MC-06,PRD-C,41.99402147814811,0.0742305221281114,5,41.98128274145005,42.03038150785648,42.0794802742629,0.0,0.0850931826801104,0.1798869881857533,False,False,False,False,False,False
SG-MC-10-2025063000,2025-06-30 00:00:00,MC-10,PRD-C,42.06058502137659,0.0519032010383995,5,41.98128274145005,42.03038150785648,42.0794802742629,0.0,0.0850931826801104,0.1798869881857533,False,False,False,False,False,False
SG-MC-09-2025063008,2025-06-30 08:00:00,MC-09,PRD-B,80.03240231108748,0.0280117954291085,5,79.98133298727322,80.02998001088412,80.07862703449501,0.0,0.0843102662233807,0.1782319027962268,False,False,False,False,False,False
SG-MC-10-2025063008,2025-06-30 08:00:00,MC-10,PRD-C,42.046974556126735,0.0660351132427194,5,41.98128274145005,42.03038150785648,42.0794802742629,0.0,0.0850931826801104,0.1798869881857533,False,False,False,False,False,False
SG-MC-06-2025063008,2025-06-30 08:00:00,MC-06,PRD-C,41.98226070958359,0.0615023508123044,5,41.98128274145005,42.03038150785648,42.0794802742629,0.0,0.0850931826801104,0.1798869881857533,False,True,False,False,True,False
SG-MC-02-2025063008,2025-06-30 08:00:00,MC-02,PRD-C,42.04276103281551,0.0855768247551438,5,41.98128274145005,42.03038150785648,42.0794802742629,0.0,0.0850931826801104,0.1798869881857533,False,False,False,False,False,False
SG-MC-12-2025063008,2025-06-30 08:00:00,MC-12,PRD-A,25.056456738894003,0.0788830456267533,5,24.98096531359448,25.029746559290437,25.07852780498639,0.0,0.0845428868214142,0.1787236627404697,False,False,False,False,False,False
SG-MC-01-2025063008,2025-06-30 08:00:00,MC-01,PRD-B,80.01653180749027,0.070319313085676,5,79.98133298727322,80.02998001088412,80.07862703449501,0.0,0.0843102662233807,0.1782319027962268,False,False,False,False,False,False
SG-MC-04-2025063008,2025-06-30 08:00:00,MC-04,PRD-A,25.062421577383088,0.0565643408143081,5,24.98096531359448,25.029746559290437,25.07852780498639,0.0,0.0845428868214142,0.1787236627404697,False,False,False,False,False,False
SG-MC-11-2025063008,2025-06-30 08:00:00,MC-11,PRD-D,59.98744567295942,0.1074597676084252,5,59.9812332134637,60.03007765222271,60.07892209098171,0.0,0.0846524068613621,0.1789551881049196,False,False,False,False,False,False
SG-MC-07-2025063008,2025-06-30 08:00:00,MC-07,PRD-D,60.02065374037088,0.0833086936041667,5,59.9812332134637,60.03007765222271,60.07892209098171,0.0,0.0846524068613621,0.1789551881049196,False,False,False,False,False,False
SG-MC-03-2025063008,2025-06-30 08:00:00,MC-03,PRD-D,60.016280661885936,0.1180353448246549,5,59.9812332134637,60.03007765222271,60.07892209098171,0.0,0.0846524068613621,0.1789551881049196,False,False,False,False,False,False
SG-MC-08-2025063008,2025-06-30 08:00:00,MC-08,PRD-A,25.014811130959725,0.044465772056089,5,24.98096531359448,25.029746559290437,25.07852780498639,0.0,0.0845428868214142,0.1787236627404697,False,False,False,False,False,False
SG-MC-05-2025063008,2025-06-30 08:00:00,MC-05,PRD-B,80.08963296897815,0.1677736052638039,5,79.98133298727322,80.02998001088412,80.07862703449501,0.0,0.0843102662233807,0.1782319027962268,True,True,False,False,True,False
SG-MC-03-2025063016,2025-06-30 16:00:00,MC-03,PRD-D,60.04956053836786,0.0786753972113629,5,59.9812332134637,60.03007765222271,60.07892209098171,0.0,0.0846524068613621,0.1789551881049196,False,False,False,False,False,False
SG-MC-01-2025063016,2025-06-30 16:00:00,MC-01,PRD-B,80.01882793887432,0.0549403677716071,5,79.98133298727322,80.02998001088412,80.07862703449501,0.0,0.0843102662233807,0.1782319027962268,False,False,False,False,False,False
SG-MC-06-2025063016,2025-06-30 16:00:00,MC-06,PRD-C,41.99872392090576,0.0803982726439898,5,41.98128274145005,42.03038150785648,42.0794802742629,0.0,0.0850931826801104,0.1798869881857533,False,False,False,False,False,False
SG-MC-02-2025063016,2025-06-30 16:00:00,MC-02,PRD-C,42.03512499183378,0.1390040913302428,5,41.98128274145005,42.03038150785648,42.0794802742629,0.0,0.0850931826801104,0.1798869881857533,False,False,False,False,False,False
SG-MC-07-2025063016,2025-06-30 16:00:00,MC-07,PRD-D,60.00379152620967,0.0665156765902139,5,59.9812332134637,60.03007765222271,60.07892209098171,0.0,0.0846524068613621,0.1789551881049196,False,False,False,False,False,False
SG-MC-05-2025063016,2025-06-30 16:00:00,MC-05,PRD-B,80.07449363316731,0.0645484135232123,5,79.98133298727322,80.02998001088412,80.07862703449501,0.0,0.0843102662233807,0.1782319027962268,False,False,False,False,False,False
SG-MC-09-2025063016,2025-06-30 16:00:00,MC-09,PRD-B,80.0193045556934,0.048881405297493,5,79.98133298727322,80.02998001088412,80.07862703449501,0.0,0.0843102662233807,0.1782319027962268,False,False,False,False,False,False
SG-MC-12-2025063016,2025-06-30 16:00:00,MC-12,PRD-A,25.07696208237486,0.1657438989136004,5,24.98096531359448,25.029746559290437,25.07852780498639,0.0,0.0845428868214142,0.1787236627404697,False,False,False,False,False,False
SG-MC-04-2025063016,2025-06-30 16:00:00,MC-04,PRD-A,25.016555780156278,0.0371949128626809,5,24.98096531359448,25.029746559290437,25.07852780498639,0.0,0.0845428868214142,0.1787236627404697,False,False,False,False,False,False
SG-MC-08-2025063016,2025-06-30 16:00:00,MC-08,PRD-A,25.02229573462065,0.0544140389662182,5,24.98096531359448,25.029746559290437,25.07852780498639,0.0,0.0845428868214142,0.1787236627404697,False,False,False,False,False,False
SG-MC-10-2025063016,2025-06-30 16:00:00,MC-10,PRD-C,42.03042744503819,0.1102534963335486,5,41.98128274145005,42.03038150785648,42.0794802742629,0.0,0.0850931826801104,0.1798869881857533,False,False,False,False,False,False
SG-MC-11-2025063016,2025-06-30 16:00:00,MC-11,PRD-D,59.96314749240197,0.0870930664631544,5,59.9812332134637,60.03007765222271,60.07892209098171,0.0,0.0846524068613621,0.1789551881049196,True,False,False,False,True,False
